,macx,macy,macz,mfacx,mfacy,mfacz,mfaxz,mfayz,cou,fcou,peakx,peaky,peakz,stdx,stdy,stdz,stdav,dix,diy,diz,maxi,may,maz,mix,miy,miz,specx,specy,specz,spec
0,5.24202114141,-6.23942222222,0.383948474747,614.682556427,1318.22814599,665.443907411,0.923718061856,1.98097560337,5.76034209688,1016.54429558,46.125,52.75,43.1666666667,4.14407485475,3.49155126969,3.17784312851,3.60448975098,4.60048831722,4.12122446945,3.32212407735,13.5482,-1.11151,9.03332,-4.4179,-17.7626,-10.4184,609.264255692,597.547619104,4466.58838806,1891.13342095
1,1.74519751717,-9.31643141414,-0.948648222222,535.027747707,514.172311344,541.303859536,0.988405566083,0.949877415958,5.89968757455,553.130850817,52.2857142857,46.6,47.1428571429,2.44207492641,2.54276034392,3.63501955301,2.87328494111,2.93818627623,3.08172139808,3.59260137658,9.3727,-3.00891,6.23809,-4.4179,-19.6109,-19.6109,563.388695847,503.906569559,509.934981145,525.743415517
2,2.49911751717,-9.86301626263,-0.922553740404,582.370599215,624.192780148,690.619180188,0.843258652412,0.903816166788,6.46925505474,650.49925167,36.1666666667,41.25,50.4,3.01706229523,3.07057626873,4.61285664068,3.56683173488,3.11709988829,3.12048744931,3.5843342406,10.2017,-2.00455,6.23809,-3.03405,-19.6109,-19.6109,582.065374575,599.664309541,846.046866316,675.925516811
3,2.76581713131,-9.84156535354,-0.7376811,619.19343875,625.206043986,576.25263905,1.07451731548,1.0849512898,6.49058750275,627.887410292,56.1666666667,56.0,45.5,3.40909816249,3.36591085089,4.73723380757,3.83741427365,3.2127911368,3.11713363032,3.52900174061,15.2864,-2.00455,5.56113,-3.24235,-19.6109,-19.6109,641.690431964,617.515927891,778.649183102,679.285180986
4,2.73214125253,-10.2301041414,-0.511284010101,808.424469417,585.278458053,567.661265324,1.42413181734,1.03103469235,6.63703254056,690.824826772,55.6,48.8,61.0,3.13178413128,3.21186173164,4.50847664529,3.6173741694,3.19981707041,3.20106002251,3.46864001672,15.2864,-2.98796,7.9679,-3.24235,-19.0788,-19.6109,879.139811804,566.725932629,637.737595736,694.534446723
5,2.11562164646,-10.1114684848,-0.346790395859,840.775419326,420.837537617,600.106445901,1.40104380659,0.70127148357,6.63989574951,665.716741562,61.375,42.5,53.125,3.47845300443,3.46610976023,4.73909137912,3.89455138126,3.0088275667,3.17067249535,3.43008290531,16.2931,-2.99275,7.9679,-5.46716,-19.6109,-19.6109,842.666341413,401.131683996,738.11187136,660.636632256
6,1.90718705758,-9.59496030303,-0.800980273636,797.097833668,379.777662611,660.485943349,1.20683542427,0.574997343146,6.50617218526,651.290122004,47.7142857143,51.5,31.8,4.16524169528,3.68750624779,5.05163502507,4.30146098938,2.96438307339,3.08949314758,3.54737918976,16.2931,-2.99275,7.34062,-5.46716,-19.6109,-19.6109,798.954750377,372.082227814,874.28430802,681.77376207
7,2.85225693636,-10.0006272727,-1.35218448485,747.538846681,383.460898312,676.168240728,1.10555155012,0.567108709363,6.78856923516,642.469444443,51.1666666667,48.0,57.75,4.49102237546,3.72987202529,4.97534695646,4.39874711907,3.24713893232,3.14581189366,3.73539783589,18.0966,-3.36804,7.30411,-4.30358,-19.6109,-19.6109,774.03303016,387.794644687,636.941540978,599.589738608
8,2.20864562323,-9.78928333333,-0.250084574242,568.004110831,346.927025055,614.231231016,0.924739873437,0.564815020038,6.46122527805,552.390256052,52.8,39.0,43.8333333333,4.20069693593,4.00681985395,4.44962260551,4.21904646513,3.03203542348,3.10958812162,3.41007202454,18.0966,-2.78565,7.30411,-4.30358,-19.6109,-19.6109,602.640265439,346.556083398,-315.893484371,211.100954822
9,1.34959235051,-10.1204576768,-0.27582214899,453.227446084,378.465137614,609.460751884,0.743653212587,0.6209836096,6.70080077669,517.937028728,60.5,46.8,52.4285714286,3.64508219424,4.43630488245,5.3768312609,4.4860727792,2.91148169919,3.17283230526,3.41522092917,14.8943,-2.78565,6.96354,-3.79182,-19.6109,-19.6109,443.413795353,386.033208935,343.258957382,390.901987223
10,1.44947798687,-10.0243164646,-0.92235320101,410.139272079,446.725132226,624.331085395,0.656925919073,0.715526012842,6.75308061031,523.677243684,45.5,54.1428571429,41.3333333333,3.96806425642,4.22510554427,5.64440394545,4.61252458204,2.91315660339,3.15083333928,3.58427121049,15.0751,-3.799,8.30309,-3.91213,-19.6109,-19.6109,404.51333266,470.872759309,554.447474809,476.611188926
11,2.09002328788,-9.72657494949,-0.64335079697,385.411420765,471.156635761,630.619607353,0.611163078773,0.747132867844,6.31744419132,528.613540894,57.2857142857,43.8333333333,53.0,3.25070016601,3.09310980419,3.91703253154,3.42028083391,3.00281280782,3.10181940437,3.50290626609,15.0751,-5.42287,8.30309,-3.91213,-19.6109,-13.8086,409.772049359,478.133197656,533.43780917,473.781018728
12,2.16711483939,-9.41507464646,-0.536917818182,377.770498546,496.248114641,581.651060018,0.649479601281,0.853171512531,6.03069785523,517.390984777,49.0,41.2,49.625,2.80946005326,2.77500053733,3.37333179276,2.98593079445,3.02142177609,3.08160065465,3.4750717442,11.7932,-5.28939,7.43819,-3.45364,-18.418,-11.7567,390.51736105,487.837889452,612.194667915,496.849972805
13,1.88358316162,-9.05000969697,-0.929385414141,325.140557642,501.190910786,483.364628454,0.672661048207,1.03687957555,5.97351418424,465.773614763,51.2857142857,49.6,55.3333333333,3.51312113781,2.96376261488,3.93219238214,3.46969204494,2.96006795175,3.0955555374,3.58648377677,13.2573,-3.41054,6.9797,-5.09426,-19.6109,-14.0611,268.673713122,493.484584751,552.364409124,438.174235666
14,2.59908113131,-9.85860232323,-1.24697370404,287.790457739,466.707133517,422.950079728,0.680435993592,1.10345678104,6.40357909697,416.909809327,53.8333333333,47.0,54.4285714286,3.37005366482,2.68277470339,3.57575701346,3.20952846056,3.15105193641,3.11978677778,3.69562837044,13.2573,-3.41054,6.9797,-5.09426,-19.6109,-14.0611,267.804809643,453.911533178,494.175300533,405.297214451
15,2.90741319495,-10.1135491919,-1.25346152121,251.671183135,426.164360473,411.718526136,0.611269999185,1.03508667553,6.50805607267,386.49005944,47.0,44.5,41.8,3.14579735548,2.67340617691,3.41302880867,3.07741078035,3.26978466702,3.17117078968,3.69802821632,13.0831,-3.8391,6.13454,-3.70922,-19.6109,-13.7774,258.824257678,422.656635852,401.876996842,361.119296791
16,2.00544015556,-9.00435858586,-0.661973312121,225.548713234,385.538642774,373.209009877,0.604349593031,1.03303680397,5.87290341511,348.563719269,48.625,33.3333333333,45.4285714286,3.45514489797,3.11745442394,3.74642777429,3.43967569873,2.98397634293,3.09965687081,3.50795410148,13.0831,-3.29622,7.31249,-4.0073,-19.6109,-13.7774,232.29045606,389.576135747,376.061926979,332.642839596
17,1.32983424646,-9.18198888889,0.474952535354,204.192681296,310.862006439,315.628622463,0.646939684056,0.984898023547,5.93807690326,295.299762239,47.6666666667,59.5,42.1428571429,3.6870575927,4.00294769882,4.00454248567,3.8981825924,2.91154555647,3.08637181887,3.31726810614,15.9909,-3.29622,7.45854,-4.15095,-19.6109,-19.6109,211.309242311,305.994016157,420.572065132,312.625107867
18,2.06204293939,-9.98896828283,-0.0703751909091,173.44849264,266.686393054,305.933114626,0.566949062875,0.871714699403,6.47959036137,271.834464378,61.0,50.5,47.0,3.85638422599,3.93705197756,4.43168030116,4.0750388349,2.99637816973,3.14340468737,3.37698297668,16.2417,-4.63637,7.45854,-4.15095,-19.6109,-19.6109,151.972222448,265.224420886,-417.584132509,-0.129163058284
19,2.7744756697,-10.0368806061,-1.45349322525,170.718287449,241.081094773,308.315633478,0.553712718111,0.781929518312,6.78910845327,262.495348787,46.8333333333,51.8333333333,46.6666666667,4.19860773545,3.96417657934,5.59213704698,4.58497378726,3.21615945239,3.15357293405,3.77514837578,16.4661,-2.4379,7.03536,-3.53324,-19.6109,-19.6109,153.718264495,243.963321724,296.415843264,231.365809828
20,2.91371424545,-10.1622166667,-1.32518523737,152.735790353,203.908573388,296.859055646,0.514506084447,0.686886822248,6.85987517608,236.488084845,45.0,33.25,56.5,3.89245947975,4.19075038664,5.45720207458,4.51347064699,3.27240632408,3.18314315368,3.72503687778,16.4661,-2.4379,7.32386,-3.48895,-19.6109,-19.6109,167.518546496,206.172814436,304.292087093,225.994482675
21,2.97504317172,-9.96839757576,-1.07205235455,127.79050745,180.207756358,316.333277729,0.403974277911,0.56967688525,6.62540894643,233.748111804,43.1666666667,68.3333333333,36.2,3.71742353133,3.35903670598,4.3131340722,3.7965314365,3.2984353419,3.13926753141,3.63334624101,14.2228,-3.54821,7.32386,-5.77003,-19.6109,-15.6838,137.082652584,184.321732163,372.366394129,231.256926292
22,2.61772669293,-9.8167389899,-0.862136112121,128.883400332,171.030129643,353.626435709,0.364462006564,0.483646335151,6.8235449792,249.553622926,49.1666666667,50.4285714286,48.6,4.5183389085,3.71046046679,5.71614170384,4.64831369304,3.15763571934,3.11344342675,3.56566396529,14.2228,-3.90913,7.44597,-5.77003,-19.6109,-19.5828,134.694970894,174.643124482,317.343110919,208.893735432
23,1.79551175152,-9.51008545455,-0.471427293939,122.493176887,166.034577572,328.176474997,0.373253984423,0.505930772686,6.52015207516,235.055172985,58.0,54.2857142857,50.8333333333,3.96373691238,3.62912300781,5.77742191349,4.45676061123,2.94535120744,3.08442246239,3.45881073709,13.9923,-3.90913,7.44597,-4.53282,-19.6109,-19.6109,118.540888307,164.246694681,-115.634989918,55.7175310235
24,1.8365404798,-9.62688575758,-1.16107783131,112.969275043,143.334821652,274.358322971,0.41175814832,0.522436571633,6.478861229,199.731520462,43.3333333333,52.1666666667,47.8333333333,3.87250783541,3.55417573514,5.03310453238,4.15326270098,2.95185752281,3.09198418997,3.66443629458,14.2605,-3.51409,6.89291,-4.98772,-19.6109,-19.6109,98.5599791378,145.285595416,155.755922939,133.200499164
25,2.64667565253,-10.0246433333,-0.74558729899,130.403744578,145.687994147,250.337772351,0.520911180736,0.581965688913,6.58956219066,191.742003157,55.3333333333,49.25,37.8,3.45076249463,3.39636529854,4.17987485251,3.67566754856,3.16800632539,3.15090419735,3.53125500048,14.2605,-3.51409,6.98209,-4.98772,-19.6109,-14.3155,139.689726238,149.543682017,184.227775264,157.820394506
26,2.84477626263,-9.91166757576,-0.752595285859,123.89750026,150.691950585,253.052978205,0.489610915226,0.595495661239,6.6411938301,194.977611092,51.625,54.0,54.0,4.49182403109,3.56503403101,4.72460694889,4.260488337,3.24410879292,3.12864769276,3.53326193204,19.6109,-4.14855,8.588,-4.15574,-19.6109,-19.6109,158.530257995,151.008873168,253.666906852,187.735346005
27,2.17736324242,-9.46808767677,-0.987801350909,101.085176839,121.633069753,248.683100089,0.406481891222,0.489108707866,6.51113955886,178.439437251,47.4,44.8,43.25,5.28226795074,4.25454456856,5.51112320854,5.01597857595,3.02400044658,3.08281630493,3.60521199459,19.6109,-3.84808,8.588,-4.15574,-19.6109,-19.6109,137.911272183,121.228732964,292.667344616,183.935783254
28,1.91830032222,-9.62101141414,-0.635435908485,100.285912164,106.09405683,223.865768915,0.447973411252,0.473918175808,6.30837251289,161.092250034,49.75,50.6,60.5,3.8135840585,3.75376928644,4.60062055104,4.05599129866,2.96646615444,3.09149481916,3.50077921918,17.2251,-3.84808,7.1042,-3.93188,-19.6109,-19.6109,116.01477527,106.643214484,333.889206996,185.51573225
29,2.3440741404,-9.95571646465,-1.12328601212,94.9654843299,95.4533578073,205.426711957,0.462284010804,0.464658937963,6.69454975258,148.49503777,53.2,48.8333333333,47.8,4.22812541199,3.33518281361,4.83634179246,4.13321667269,3.06925343406,3.13678869363,3.65107284326,17.8338,-3.86604,7.1042,-4.51307,-18.8412,-17.7536,108.960340943,95.4019868076,238.216033233,147.526120328
30,2.66485020303,-10.2027755556,-1.78401310101,87.8613213233,98.6336116528,196.364360214,0.447440264759,0.502298948472,7.00234613231,144.541997849,49.0,42.25,54.0,5.09175931935,3.73207800645,5.53176729472,4.78520154017,3.1746370936,3.19365833063,3.9159850133,17.8494,-2.3954,5.6162,-4.51307,-19.6109,-19.6109,84.8251497309,97.8602844812,179.700501288,120.795311833
31,2.61916712323,-10.06841,-1.66811665394,80.7103362152,103.400328211,201.523947625,0.400499976139,0.513092014274,6.85264990131,146.626645822,49.5,47.75,60.25,5.01604310313,4.02946565822,5.47228450268,4.83926442134,3.15814688166,3.16061871157,3.86471166963,19.6109,-2.3954,7.73327,-3.81157,-19.6109,-19.6109,63.9538630973,106.498286642,195.747353331,122.066501023
32,1.90118985859,-9.50496878788,-0.76644636101,72.3799385715,92.0272918577,195.582707134,0.370073303679,0.470528776323,6.41275717588,137.726677768,47.6666666667,61.8,37.5,4.72665695945,3.95218461436,5.01148203677,4.56344120353,2.96327607059,3.08419645022,3.53725619337,19.6109,-3.81217,7.73327,-3.8798,-19.6109,-19.6109,59.4696721217,96.9999402298,189.116657292,115.195423215
33,1.75655839657,-9.62361222222,-0.209383815152,76.8118293795,87.336277547,178.101915931,0.431280196948,0.49037247629,6.23989103016,129.057273475,58.2,38.25,55.6666666667,3.74522805565,3.35526765207,3.80112810087,3.63387460286,2.93974433258,3.09171032148,3.4021197817,15.284,-3.81217,5.67306,-5.17387,-19.1764,-19.6109,73.1595775231,89.0326278013,-126.068676862,12.041176154
34,1.91679957182,-10.0021151515,-0.136650663636,73.2429022191,91.8586354331,162.607674023,0.450427094903,0.564909595965,6.65959525852,122.244763867,50.6666666667,66.0,58.1428571429,4.3113962182,4.00082818836,5.09310032123,4.46844157593,2.96618295995,3.14612208906,3.38860432815,18.4437,-3.97497,7.89668,-5.17387,-19.6109,-19.6109,79.5542539107,90.2996039682,-300.458624568,-43.5349222298
35,2.19963466818,-10.0355922222,-0.438695266667,63.7051864926,91.3902096746,146.969984041,0.433457123292,0.621829078032,6.98830891756,112.882073924,59.0,42.8,47.0,5.22760707263,4.74013452879,6.45581820572,5.47451993571,3.02970259923,3.15329069107,3.4509808772,19.4086,-2.04764,7.89668,-4.97755,-19.6109,-19.6109,64.7621779517,91.4092665574,104.727546382,86.966330297
36,2.38739878586,-9.85966505051,-0.892342253535,67.5222483126,87.2035245263,151.964199469,0.444329970799,0.573842555227,6.77666783614,114.893144992,53.6,52.1666666667,48.5,4.65105636944,4.42328232132,5.70797966455,4.92743945177,3.08200723422,3.11995506422,3.5749361454,19.6109,-2.04764,8.33841,-4.97755,-19.6109,-19.6109,72.8131130428,90.6561812994,201.607095614,121.692129985
37,2.30053866667,-9.96253818182,-0.947952673737,72.367695569,80.0979464541,154.844408208,0.467357500388,0.517280200049,6.60895269841,114.581799099,51.1428571429,47.6,54.1428571429,4.08155394839,3.88782663653,4.4773929986,4.14892452784,3.05688229375,3.1381135698,3.5923794197,19.6109,-3.08433,8.33841,-3.9642,-19.6109,-19.6109,67.0792071648,81.5550965655,176.484451942,108.372918558
38,2.43774563636,-10.1880719192,-1.18176739394,69.1391745015,73.4670757115,152.19537299,0.454279083151,0.482715566632,6.7410119434,110.555562852,46.5714285714,32.0,40.6,3.90936605176,3.65152592975,4.35812970211,3.97300722787,3.09746525398,3.18977654802,3.67185105955,15.6198,-3.68587,6.75285,-4.54001,-19.6109,-17.492,64.2882363092,72.0223898183,127.12238296,87.8110030292
39,1.8331738101,-9.71003484848,-0.967577606061,57.0944366001,75.3044346161,139.545085215,0.409146882615,0.539642327782,6.72361422817,102.573888007,47.125,52.25,53.5,4.7675551682,4.76428840211,5.76984224235,5.10056193756,2.95129869146,3.09998906641,3.59866690876,18.9597,-2.62225,6.87016,-4.54001,-19.6109,-19.6109,66.8340462752,75.2202296965,115.826881188,85.9603857198
40,1.94339144444,-9.62835070707,-0.616380547475,64.4816681772,72.3451075714,139.915320212,0.460862099156,0.517063517144,6.55423850705,103.113234428,42.125,45.25,53.6,4.18402955693,4.46275943211,5.53907504931,4.72862134612,2.97131452309,3.09210764447,3.49568446357,18.9597,-2.62225,9.21887,-3.7565,-19.6109,-19.6109,72.2408539465,72.7093628869,149.034595981,97.9949376047
41,2.11290162131,-9.79420414141,-0.529203779798,69.2395135516,61.2115852951,141.48559736,0.489374995359,0.432634744717,6.53962162304,101.699004917,39.1666666667,41.25,48.3333333333,3.91118270982,3.90472942402,4.98143333984,4.26578182456,3.00818177849,3.11025602057,3.47313019529,16.4781,-3.40695,9.21887,-4.25091,-19.6109,-19.6109,64.9881101681,61.4001853599,72.3555840608,66.2479598629
42,1.98458807586,-9.75842787879,-0.509977727273,61.1062741447,64.0359630843,134.557618695,0.454127196491,0.475899943126,6.52768330404,96.9575576804,45.8,44.5,50.5,4.43936029853,3.48636964372,4.79969675159,4.24180889794,2.97961388396,3.10561955838,3.46831383853,16.4781,-3.40695,8.54491,-5.99508,-19.6109,-19.6109,53.1587616472,63.15945211,67.6068688349,61.308360864
43,2.37893471515,-9.89632414141,-1.43068510202,56.9336992761,78.0627346317,122.061610921,0.466434113448,0.639535510327,6.60852702045,94.6216219508,48.8333333333,40.8333333333,43.6666666667,4.21491068446,3.21609769586,4.47126924268,3.96742587433,3.07947627173,3.12597961019,3.76605962681,16.4482,-4.82072,4.95241,-5.99508,-18.3779,-18.4743,56.129174446,78.7691176554,105.845025503,80.2477725349
44,2.01139469697,-9.7900469697,-1.4657151,58.6517636972,72.848449981,115.344479903,0.508492159718,0.631572920026,6.36948164923,91.0494677212,47.2,50.5,53.2,3.57473927502,3.46219621224,3.88742640582,3.64145396436,2.98523888373,3.10969137574,3.78004143679,13.0741,-2.28886,6.63733,-3.93786,-19.6109,-13.7457,55.1404746951,72.9454767511,127.681415928,85.2557891246
45,2.06773156566,-9.78994494949,-0.968121580808,58.4305387449,61.0498208832,115.575682806,0.505560835344,0.528223752617,6.42714490316,87.139700989,62.75,61.3333333333,45.8333333333,3.65896925213,3.483044664,4.32212442478,3.82137944697,2.99767335622,3.10967758094,3.59884196794,16.5451,-2.28886,7.00723,-4.02944,-19.6109,-16.5523,62.320073354,60.7639166508,142.422186889,88.5020589646
46,2.14572439293,-9.62843383838,-0.702377685859,54.8592044499,61.2778581262,113.386251957,0.483825891615,0.540434638845,6.32718286273,84.6108216116,54.3333333333,54.8333333333,44.6666666667,3.8637573535,3.36682365673,4.44716448619,3.89258183214,3.01611680512,3.09211466367,3.51907494574,16.5451,-3.8798,7.00723,-4.02944,-19.6109,-16.5523,63.8909351357,61.7067128108,84.0992347145,69.898960887
47,1.66563826162,-9.84371757576,-0.509873840404,56.107782541,56.3956447154,111.872999143,0.501531048337,0.504104164072,6.41996353092,82.8466226441,46.875,50.6,53.1428571429,3.9590171428,3.72638192636,4.64741258197,4.11093721704,2.92854326188,3.11746285028,3.46828789802,19.6109,-3.8798,5.56293,-4.23834,-19.6109,-19.6109,62.9222326751,54.341860357,47.0462017532,54.7700982618
48,2.09834225253,-9.97358414141,-0.781192764646,49.9527832428,55.2577573246,104.12150457,0.479754719729,0.53070456053,6.5370106396,77.6062414085,43.6666666667,39.8,48.3333333333,4.00841062464,3.65306473879,4.51389815895,4.05845784079,3.00475238945,3.14029720064,3.54155078426,19.6109,-2.52768,5.56293,-4.23834,-19.6109,-19.6109,51.3441451578,53.4522234908,46.9746199881,50.5903295456
49,2.0846850101,-9.85994454545,-0.91160489596,51.9001603409,55.4893782478,102.855775284,0.504591601179,0.539487239241,6.54706720778,78.3826046553,44.8,68.6666666667,46.5,4.17015909612,3.98059054463,4.86102200941,4.33725721672,3.00157331202,3.11999933056,3.58090913596,18.096,-2.52768,8.03255,-4.12521,-19.6109,-19.6109,66.4116180942,55.1219579952,45.4417048406,55.6584269767
50,1.42835990909,-9.99537858586,-1.16601946465,53.824605003,49.413757094,97.8453845767,0.550098558413,0.505018783541,7.03760677661,74.448026127,39.8571428571,54.7142857143,49.1428571429,5.5624525748,4.99126534896,6.46702134919,5.67357975765,2.91251358817,3.14472148756,3.66619917387,19.6109,-3.57394,8.03255,-4.12521,-19.6109,-19.6109,78.2206129311,48.426852815,25.339316094,50.6622606133
51,1.78673987879,-10.1840717172,-0.513913505051,46.8411860718,48.1368376805,99.6046451873,0.470271100146,0.483279043763,6.73638619897,72.232986372,43.6,49.7142857143,47.1666666667,4.56507410921,3.95068094094,4.99988024654,4.50521176556,2.94405059498,3.18873513145,3.46929688746,19.6109,-3.57394,7.17961,-3.71281,-19.6109,-19.6109,46.1973130043,46.7267179208,-2.86715106693,30.0189599527
52,1.72955084242,-10.4471269697,-0.245961607677,41.6699340959,48.7286533201,109.128027911,0.381844471065,0.446527388545,6.82986868238,76.2321036201,53.6,57.3333333333,45.0,4.5009282282,4.26572629386,4.96129098293,4.575981835,2.93612553817,3.26665238709,3.40925669985,19.6109,-3.73136,9.28052,-3.37523,-19.6109,-19.6109,44.518338537,49.6015516193,328.146144842,140.755344999
53,1.30498414545,-9.5468310101,-1.29131404202,43.9914240025,50.38033864,111.817870442,0.393420334589,0.450557128666,6.72009299518,78.507034214,49.5,51.5,38.8,5.47526789529,5.16966647858,6.26959149413,5.63817528933,2.91177231484,3.08634497328,3.71219227014,19.6109,-1.41138,9.28052,-5.59704,-19.6109,-19.6109,44.6183219057,50.1180610272,131.777501647,75.5046281932
54,1.93866723838,-9.32666757576,-1.28979037374,45.2309057462,52.7668230698,99.6147577655,0.454058281733,0.529708893074,6.37726852201,73.7203761806,45.125,46.0,60.6,4.17977869337,4.14231374052,5.11866856134,4.48025366508,2.97038993827,3.08157927028,3.71161723187,16.5451,-1.41138,6.47512,-5.59704,-19.6109,-18.084,44.3430262493,49.119375054,89.4835965648,60.9819992894
55,1.6401606798,-9.33151050505,-0.810309050505,47.4859302761,58.8945641824,90.6109250701,0.524064071075,0.64997199992,6.31551806738,71.6143853117,37.6666666667,57.2,43.0,4.12280722089,4.38257314835,4.96059067536,4.48865701487,2.92591721211,3.0815211427,3.55014287925,16.9922,-2.46962,6.47512,-4.50768,-19.6109,-19.6109,50.748935105,57.7848555657,85.9784512309,64.8374139672
56,1.78534863131,-9.47888232323,-1.03937856162,49.040489522,62.1748389705,93.4608537166,0.524716900947,0.665250064579,6.49019775299,73.9206393494,50.2857142857,50.0,48.0,4.64949647688,4.51148701726,5.3651827531,4.84205541575,2.94384533581,3.08317272884,3.62228621656,16.9922,-2.46962,7.33943,-4.45741,-19.6109,-19.6109,55.2425484193,62.7234260788,54.9589591623,57.6416445535
57,1.48474250808,-9.96110353535,-0.971061029293,44.4598253528,53.7017273398,90.7538858576,0.489894453914,0.591729233766,6.72151366777,69.1648505645,42.6666666667,35.2,36.6666666667,4.28386472841,4.39406299462,5.0720422424,4.58332332181,2.91460372924,3.13783353562,3.5997893127,18.0265,-2.28886,7.33943,-5.84963,-19.6109,-16.1567,53.5232310536,54.3695351866,71.6272246393,59.8399969598
58,0.769057358586,-9.47508313131,-1.05967600303,46.5598993988,47.8998499315,92.8122516746,0.501656823951,0.516094040036,6.57031657627,68.7574674413,44.5,53.2857142857,38.0,5.12886862694,4.79985194144,5.78360420384,5.23744159074,2.96270198277,3.0830420751,3.62913204197,19.4523,-2.28886,7.01681,-5.84963,-19.6109,-19.6109,43.1686758896,46.882848405,72.6393385256,54.2302876067
59,1.79156381919,-10.0377980808,-0.647044259596,45.854684862,49.1863541471,83.929915216,0.546344944398,0.586040793924,6.58985952915,65.1267242982,46.75,51.0,51.0,4.46364077935,3.74084316363,4.62565353113,4.27671249137,2.94476433969,3.15377418302,3.5039026176,19.4523,-2.3523,7.06289,-4.73992,-19.6109,-19.6109,39.0077928537,47.545473522,56.1132136606,47.5554933454
60,1.73337767374,-10.2076127273,-0.83112760303,44.9234234517,53.6922773999,80.1242846072,0.560671757283,0.670112409279,6.69465210448,64.9615922202,42.0,52.6666666667,39.8333333333,4.13002638658,3.32800589065,4.6925593287,4.05019720198,2.93661954838,3.19495308684,3.55633756612,16.4673,-5.08947,7.96012,-7.33583,-19.6109,-18.2151,46.6332933183,53.3333262805,89.6639284496,63.2101826828
61,1.08789307677,-9.43984878788,-1.24039038636,50.9059706043,56.8278499823,82.6870394795,0.615646308354,0.687264296073,6.47033689418,68.6727730357,50.7142857143,50.8333333333,49.5,5.07362123804,3.95209690415,5.44798065812,4.82456626677,2.9219906101,3.08204233172,3.6932045316,17.2149,-3.82234,7.96012,-7.33583,-19.6109,-18.2151,56.5254200185,57.0849099291,94.0688171132,69.2263823536
62,2.14709779899,-9.93147010101,-0.743012176263,45.5619391404,56.8371619711,85.3058424246,0.534101039805,0.666275138439,6.52921922389,68.3586401634,45.0,47.3333333333,51.8,3.97377332793,3.44904205963,4.53766456979,3.98682665245,3.01645500144,3.13220264249,3.53051955334,17.2149,-3.82234,6.88991,-4.69742,-19.6109,-17.0078,39.9633001988,57.1686130637,115.843545855,70.9918197059
63,2.19493268788,-9.86255131313,-0.567124739394,43.9084721807,56.11519134,86.7559890297,0.506114594183,0.646816340493,6.48727550816,68.1386356408,58.2857142857,52.8,53.8571428571,3.78689678617,3.6484977318,4.55775399747,3.99771617182,3.02849230782,3.12041340386,3.48279392221,16.0633,-2.88621,6.88991,-4.55257,-19.6109,-17.6692,35.1174443568,56.4887495855,98.7232092262,63.4431343895
64,1.12856370707,-9.11356969697,-0.901888878788,47.147507118,51.803800167,90.558587045,0.520629888965,0.572047354728,6.30686384369,69.2348628787,48.7142857143,46.6666666667,52.0,4.92022038363,4.46031458472,5.49783240698,4.95945579178,2.91891098913,3.09057511509,3.57788956675,16.2267,-2.88621,7.31788,-4.78062,-19.6109,-19.6109,39.9351817168,52.3785244105,56.0924551362,49.4687204212
65,1.52322032323,-9.9873859596,-0.737758484848,45.1243470374,56.5851974179,96.7420727494,0.466439737696,0.584907846295,6.66147812442,73.4764793381,55.2,45.0,51.6,4.27365239642,3.84736317616,4.95071799129,4.35724452129,2.91665587229,3.14308280251,3.52902371437,16.2267,-3.98216,7.9266,-4.78062,-19.6109,-19.6109,45.2104071589,55.8741931448,64.8232188374,55.3026063804
66,2.35344561818,-10.8415162626,-0.585848030303,45.3715945413,56.0893906421,98.2099619506,0.461985664592,0.571117120178,6.90416805771,73.9147439803,37.5,50.8,44.4285714286,3.1064931173,3.11483338211,3.70264510236,3.30799053392,3.07197417477,3.41166426087,3.4876482198,8.72986,-5.14454,7.9266,-3.50212,-19.5487,-10.6177,44.7613707784,55.2545149221,89.1912303499,63.0690386835
67,1.88322137576,-9.9705469697,-0.90338169899,46.7295116398,50.3538205386,90.9613773673,0.513729156179,0.553573637471,6.63886156192,68.7513075583,44.6,49.4,40.2857142857,4.42382321227,4.33460917672,5.02300435904,4.59381224934,2.96000283464,3.13969362352,3.57835248456,19.6109,-2.17932,7.83742,-4.40294,-19.6109,-19.6109,51.8541201402,51.6391104394,135.372061442,79.6217640071
68,1.53475043434,-9.35930787879,-1.20549152727,44.6710654805,53.635593015,86.4578628862,0.516680195291,0.620366861087,6.50454051357,67.4017474754,59.6,55.8333333333,55.75,5.44683427871,4.71293320321,5.91041182831,5.35672643675,2.91737652747,3.08131126966,3.68044858661,19.6109,-2.17932,6.51163,-4.6232,-19.6109,-19.6109,44.5912842376,54.8047415403,148.40127139,82.5990990561
69,1.65285756566,-9.68012424242,-0.672775577273,44.5711539084,56.0156743918,86.2141032522,0.516982166805,0.649727507203,6.51953247219,67.9693275532,48.4,49.8571428571,70.0,4.62741569932,4.28804583666,4.95073615742,4.6220658978,2.92719030187,3.09689314147,3.51090421351,18.8244,-2.4762,7.74464,-4.6232,-19.6109,-19.6109,45.7527275266,56.6488123976,123.571673526,75.3244044833
70,1.84573575758,-10.0161950505,-1.11071004192,49.5537923645,58.2782769695,80.2891573181,0.617191586258,0.725854883973,6.70845933493,67.6528615047,48.8,45.3333333333,55.2,4.14219142017,4.23472546301,5.2047475001,4.52722146109,2.95341307089,3.14908935633,3.64667937704,15.9065,-2.59352,7.74464,-4.32692,-19.6109,-19.6109,62.7339972052,59.6444996449,50.2843806395,57.5542924965
71,2.47975763636,-9.81188424242,-0.863327380808,46.6906843305,54.6796447979,79.473134904,0.58750273771,0.688026776142,6.52913485332,65.5840597654,44.0,41.75,42.6666666667,4.0432345846,3.80819346521,4.57334405898,4.14159070293,3.11082088144,3.11274285456,3.56602556348,15.9065,-1.64841,6.80013,-3.95881,-19.6109,-19.6109,51.104266155,56.3565280634,72.1823183225,59.8810375136
72,1.96999811919,-9.63766015152,-0.518882980808,44.9696465924,47.7334071574,85.6436701345,0.525078461978,0.557348921204,6.49311698681,65.3412806577,46.4,57.2,53.6666666667,4.51627106045,4.453120298,4.68316959448,4.55085365098,2.97662195202,3.09291041347,3.47054083872,19.6109,-0.869095,6.80013,-3.95881,-19.6109,-19.6109,43.1342472638,49.7661681232,129.666432942,74.188949443
73,1.65277889747,-10.1899913636,-0.768781,45.8468081348,46.8666091993,92.1828845521,0.497346208654,0.508409011358,6.64309703156,68.108054866,39.0,40.2,52.1666666667,4.0157348128,4.22537335091,4.72133158722,4.32081325031,2.92718219394,3.19028002563,3.53793227471,19.6109,-0.869095,7.27718,-3.90973,-19.6109,-19.6109,40.9497405223,48.1001445029,102.508308275,63.8527311002
74,2.07943679545,-10.1216940404,-0.696725860606,45.6224443115,54.5041368667,88.721879232,0.514218642644,0.614325771033,6.63096170232,69.0011167803,61.2857142857,51.8333333333,46.625,4.02549769458,3.76814569347,4.81199628987,4.20187989264,3.00035972912,3.17313142388,3.5175028177,17.2095,-2.03328,7.71232,-4.53402,-19.6109,-19.6109,44.5066417211,55.1704470666,82.0082798975,60.5617895617
75,2.10060923939,-9.95418494949,-0.847512863636,50.1395551765,63.3928037372,94.2893796091,0.531762488886,0.672321782156,6.75883357678,75.1599018534,48.5555555556,45.0,39.3333333333,4.32407204238,4.07197197509,5.45865052685,4.61823151477,3.00528262233,3.1364932511,3.56124390914,17.2095,-2.03328,8.78911,-4.53402,-19.6109,-19.6109,51.7657383853,65.2705391581,89.4423974835,68.826225009
76,1.77181161616,-9.88133575758,-0.719101528283,48.6488156605,57.5457359982,93.2671459933,0.521607208438,0.61699900201,6.59621061647,72.4353692873,48.8333333333,53.0,59.0,4.14223590027,3.78287848453,4.93035412179,4.28515616886,2.9418867034,3.12345801427,3.52375457818,19.6109,-3.95043,8.78911,-5.03381,-19.6109,-16.8031,57.6226869825,58.6535763788,112.112788382,76.1296839144
77,1.51175106061,-9.6049540404,-0.542727838384,45.3023297041,51.315637743,96.646593486,0.468742126029,0.530961681029,6.30884140543,71.8369791573,44.2,48.1666666667,46.5714285714,3.97405898669,3.79677362932,4.42391350114,4.06491537238,2.91600295452,3.09022931077,3.47654045508,19.6109,-3.95043,7.22271,-5.03381,-19.6109,-16.8031,54.0024657481,51.8147517516,104.455570935,70.0909294784
78,1.5513400404,-9.44779070707,-0.33200759596,44.2570160516,52.3270615594,108.337594129,0.408510235135,0.483000033185,6.06094296688,77.8041509395,46.8,57.4285714286,47.0,2.99435949853,3.36228785379,3.486486908,3.28104475344,2.91848873768,3.08223333879,3.42690866165,7.81168,-4.57412,7.22271,-3.94804,-18.3462,-11.0654,45.617466653,53.7934117665,125.750241067,75.0537064954
79,1.78534220606,-9.75503525253,-0.81316940202,41.4003645365,49.7798681712,107.316364737,0.385778670737,0.463860924598,6.25691677196,75.6623290766,45.0,50.8,50.25,3.40186598437,3.45544897663,3.73184653272,3.52972049791,2.94384438786,3.10520196068,3.55099232748,16.1016,-4.06116,6.93959,-3.94804,-19.6109,-15.7586,42.606060186,49.6571488719,127.642400286,73.3018697814
80,2.24322206465,-9.81317929293,-1.32230621313,47.0348449246,48.6120932813,99.8796435715,0.470915225994,0.486706715633,6.57703635011,72.5492120473,56.2857142857,35.5,41.0,4.74517364537,4.05602548043,4.33188828674,4.37769580418,3.041181245,3.11292920475,3.72393994186,18.755,-3.78942,8.24204,-5.02663,-19.6109,-15.7586,51.8963938403,47.5482332497,106.689032459,68.7112198497
81,2.06018123232,-10.1014511111,-1.22223341818,53.5652853105,49.76669011,97.3292485975,0.55035137004,0.51132306914,6.70671917561,74.1067294555,47.0,49.6666666667,50.2,4.53285508233,3.90410087952,4.35901899257,4.26532498481,2.99595637547,3.16828928949,3.6865487504,18.755,-3.0957,8.24204,-7.37534,-19.6109,-19.6109,62.9094874169,49.928312769,98.7173111376,70.5183704411
82,2.16129292929,-10.5022688889,-0.341808122222,51.4184347315,53.6154288275,102.272332892,0.502759967213,0.5242417701,6.53140511162,77.5176554333,61.1666666667,45.2857142857,49.5,2.67502434407,2.93746857468,3.25836857001,2.95695382959,3.0199686133,3.28498096885,3.42900864329,7.70873,-3.0957,7.06349,-7.37534,-19.6109,-19.6109,52.8650803605,53.6208488341,94.3135566674,66.933161954
83,1.74474354747,-10.1857924242,-0.210676824242,49.6781740937,55.1219310476,105.280377853,0.471865461606,0.523572693903,6.51091010305,78.1078324576,46.0,53.1666666667,40.6,3.37418237184,3.72699780544,3.89278067271,3.66465361666,2.93812516493,3.18918245838,3.40236727172,14.4394,-2.19249,6.78816,-6.41407,-19.6109,-15.2582,40.2901185307,54.9804513059,236.74288021,110.671150016
84,1.71695608586,-10.3248265657,-0.471064672727,53.5459754333,57.7653080211,112.95115813,0.474063093464,0.511418465978,6.74371153542,82.9646690632,37.5,52.8,55.3333333333,3.6806586254,3.75020280324,4.41395708389,3.94827283751,2.93452595292,3.22837284291,3.45872258789,14.4394,-2.19249,6.78816,-6.41407,-19.6109,-15.2582,43.5385205545,58.4517708512,168.077732887,90.0226747643
85,1.53245158485,-10.2762591919,-1.01287945455,55.6383004489,60.1474553754,110.726474299,0.502484169222,0.543207536918,6.79646663421,83.3087768718,47.0,51.2857142857,42.1666666667,4.24221120785,3.71831800177,4.60180397018,4.18744439327,2.91722781261,3.21404214157,3.61344006542,19.068,-2.89818,7.34481,-5.25827,-19.6109,-15.6341,59.457986627,60.5370852192,96.0793966791,72.0248228418
86,0.75201399596,-9.51073252525,-0.828985858586,58.2299197985,58.960526357,113.432959315,0.513342155139,0.519783021735,6.40416651877,85.0035215366,43.75,43.125,58.3333333333,4.77094150391,4.47681053412,4.78000240746,4.6759181485,2.96563635726,3.08445154173,3.5556988795,19.068,-2.89818,6.50325,-5.25827,-19.6109,-15.6341,67.3247440304,58.0449640355,86.7566038671,70.7087706443
87,1.74368523232,-9.86593212121,-0.278259484848,59.179905846,70.8691197278,117.462323554,0.50382032345,0.603334904195,6.42166260438,91.604632516,54.6,45.6,51.6666666667,3.67294504483,3.69345527152,4.2320162082,3.86613884152,2.9379828481,3.12095308912,3.41571919649,19.0578,-4.4616,7.65606,-4.10187,-19.1907,-14.8279,45.9663712879,71.4717903267,115.505170332,77.6477773155
88,2.02476325253,-9.7883240404,-0.52761869596,57.5361273374,77.5288222236,121.123620228,0.475019878278,0.640080127042,6.40674660693,94.6729146894,46.2857142857,50.5,40.2,2.9534086661,3.42075406447,4.72309483146,3.69908585401,2.98810991126,3.10945891772,3.47273199371,11.3743,-3.02268,8.05589,-4.81833,-19.6109,-19.6109,51.5551989374,78.5300280073,126.350992771,85.4787399052
89,1.56149159596,-9.38110646465,-0.673545326263,59.9095924136,66.918660141,130.368554082,0.459540207648,0.513303692076,6.17744492117,95.4787257381,54.25,47.6666666667,43.75,3.36260989201,3.41238281244,4.63346759141,3.80282009862,2.91921434118,3.08132682063,3.51111469175,11.3743,-3.02268,8.05589,-4.81833,-19.6109,-19.6109,59.7866363571,66.7711555717,118.266898767,81.608230232
90,1.86972037374,-9.82045191919,-0.450388539394,65.6795730138,63.5773929262,139.528132728,0.470726381339,0.455660028435,6.34623610795,100.450756456,45.625,43.8,45.75,3.08773640211,2.81177572763,4.09376913115,3.33109375363,2.95758977167,3.11398340289,3.45375544367,9.36013,-3.8816,7.81886,-3.91991,-19.6109,-12.9981,66.5303522504,64.6701674652,34.0493643952,55.0832947036
91,1.96407391111,-9.90376878788,-0.647161080808,64.5524337266,70.6296281675,140.363575809,0.459894480137,0.503190573199,6.51034640686,103.079441744,46.8333333333,49.5,40.75,3.62995428985,3.34447824026,4.68129731527,3.88524328179,2.9754247194,3.12726705911,3.50393413967,13.7894,-3.32255,7.81886,-4.38079,-19.6109,-16.3165,61.7369550478,69.7774680551,55.1943103027,62.2362444685
92,1.76361391919,-9.91987676768,-0.771641392929,59.9594998219,72.3449505217,135.09111616,0.443844876898,0.535527076675,6.44924533334,100.09078463,43.2,47.2857142857,59.6666666667,3.71517331909,3.30320304439,4.23103193233,3.74980276527,2.94072773316,3.1301035243,3.53876332933,13.7894,-3.32255,5.76045,-4.38079,-19.6109,-16.3165,56.4143368038,70.6087960866,121.439816208,82.8209830329
93,1.50289397172,-9.7953510101,-0.184262651515,66.2043645115,73.5977106171,152.610248289,0.433813359547,0.482259294132,6.08774445722,110.173005185,51.5,45.5,59.5,2.80738955824,2.53528216236,2.8065393296,2.7164036834,2.91552501643,3.11041324361,3.39735875786,7.04673,-5.27083,5.76045,-4.04261,-15.8801,-8.20792,54.6526214515,74.0847886319,170.599526355,99.7789788128
94,1.6410922202,-9.33745454545,-0.277498713131,71.7289071193,78.5669078715,157.281381841,0.456054659997,0.499530885042,5.92588810513,114.91588602,57.6,40.6,39.2,3.32560993632,3.12195399211,3.36056776989,3.26937723277,2.92600874267,3.08145805051,3.41556336175,13.8056,-1.72383,5.18405,-3.74573,-19.6109,-13.6434,65.9816164224,80.4341492322,97.7122897044,81.376018453
95,1.72813568081,-9.51367838384,-0.303786817172,69.9525080492,87.3959951833,155.084152486,0.451061613505,0.563539173942,6.0916282215,116.742204148,46.6666666667,59.4,52.25,3.27624771945,3.37477796632,3.76423147022,3.47175238533,2.9359434378,3.08458750251,3.42098450514,13.8056,-1.72383,6.55293,-3.9235,-19.6109,-13.6434,80.5969608096,88.1706482335,93.3018368464,87.3564819632
96,1.75264650303,-9.69233686869,-0.613454029293,63.009448727,95.6178021463,153.882502616,0.409464673733,0.621368904981,6.16406271038,117.715559157,47.3333333333,48.8333333333,41.0,2.99299102628,3.37630527396,3.9151691846,3.42815516161,2.93920211869,3.0981268532,3.49490660551,14.0504,-2.34033,6.55293,-3.9235,-19.6109,-16.5104,70.8959778554,93.9691862005,97.2054930942,87.3568857167
97,2.0629557798,-9.73451515152,-0.851053978788,68.9794589077,91.843174864,155.143748658,0.444616425117,0.591987596395,6.25268457157,117.577053803,51.6666666667,55.0,55.2,3.39191549186,3.55846457289,3.79586057893,3.58208021456,2.99658536633,3.1027405547,3.56231022866,14.0504,-2.34033,4.77823,-4.2108,-19.6109,-16.5104,74.3018398025,89.0623697846,53.1743591313,72.1795229061
98,2.52383377172,-9.84949808081,-1.13270429192,77.3113759351,85.7586874456,175.260856717,0.441121750649,0.489320256971,6.54649779469,127.383290054,47.2,46.0,45.6,4.10276228061,3.31480992925,4.27243461007,3.89666893998,3.12525822302,3.11835564843,3.65437895684,14.0749,-3.21422,5.63116,-4.2108,-19.6109,-14.0348,91.0516199601,85.3352376318,126.422888466,100.936582019
99,2.48788342222,-10.0211647475,-1.13142894949,75.2356265959,92.7191844048,196.647663774,0.382591001346,0.47149903856,6.6937372587,139.206083764,47.0,53.0,53.4,4.36999988166,3.21990737711,4.69950203891,4.09646976589,3.11344824182,3.1501519143,3.65392995736,16.1166,-3.21422,6.66127,-4.19943,-19.6109,-15.4803,76.8567340641,95.0139304074,192.223777556,121.364814009
100,1.82678123131,-10.0522649495,-0.377044399596,79.7149050606,103.490607688,199.047536196,0.400481747145,0.519929106714,6.39960243055,144.746000163,52.6,42.0,57.1428571429,3.56292481397,3.24815706543,3.7944933423,3.53519174057,2.95024707389,3.15697563392,3.43675390341,16.1166,-3.0574,6.66127,-4.19943,-19.6109,-15.4803,72.9331771472,105.337505257,196.132580869,124.801087758
101,1.51325655253,-9.92876262626,-0.417933196566,84.7399217625,98.8937882557,198.154190817,0.42764637686,0.499074926692,6.43804646794,144.344876033,47.8,59.25,53.6666666667,4.05651899385,3.62100972225,4.23654775182,3.97135882264,2.91608593204,3.13170517093,3.44611851334,16.8013,-3.0574,6.7313,-4.66031,-19.6109,-15.8712,77.0556414567,100.510381772,100.241577945,92.6025337244
102,1.84443592525,-9.88114313131,-1.10795933333,92.2827908036,96.1209897845,197.223210147,0.467910398247,0.48737159137,6.62438527335,144.436574347,52.4285714286,46.1666666667,45.1666666667,4.80067089047,3.62944206159,4.71470973246,4.38160756151,2.95319149316,3.12342635364,3.64572224947,16.8013,-3.68408,6.7313,-4.66031,-17.8817,-15.8712,84.3411807392,97.057054649,186.929194033,122.775809807
103,1.87120112121,-9.74897616162,-0.978799023232,103.048077511,106.330188387,213.608746564,0.482415065715,0.497780124163,6.27698671878,157.213832896,50.3333333333,47.6,50.6,3.62647935987,3.3088945076,3.83449824778,3.58995737175,2.95785290366,3.10446126059,3.60228891505,16.1166,-2.26851,5.55575,-3.6356,-19.6109,-14.941,95.9987244576,105.854007011,202.360398752,134.737710074
104,1.68770052121,-9.94203565657,-0.74189380101,103.095998716,119.360879767,251.381736306,0.410117299018,0.47481921925,6.47417482527,179.562699073,47.0,36.25,38.6,3.74574905959,3.84053181154,4.67066008907,4.08564698673,2.93100604876,3.13417403809,3.53020091425,15.9346,-2.26851,6.59483,-3.71101,-19.6109,-18.8005,96.1755443172,120.277496754,190.500013504,135.651018192
105,1.75062726869,-10.0773577778,-0.534837946465,120.178990933,147.07554275,255.887148106,0.469656220808,0.574767212179,6.47013242527,194.887580072,52.6,54.0,47.5,3.50386721174,3.58274853297,4.43368648268,3.84010074247,2.9389238586,3.16266773567,3.47454766147,15.9346,-2.6408,6.59483,-3.71101,-19.6109,-18.8005,117.196073274,149.152711733,196.523873517,154.290886175
106,1.93822804343,-9.77727323232,-0.592323030303,128.420006,147.698287717,242.846652525,0.528811102253,0.608195691319,6.13288500242,189.035281606,49.3333333333,57.5,44.5,2.69324071323,2.6812741765,3.27716436776,2.88389308583,2.97030415801,3.10799983525,3.48933714652,11.2875,-2.6408,5.13257,-3.77446,-16.0364,-15.9424,120.126386185,150.225900845,320.474042842,196.942109957
107,1.24154526869,-9.47584292929,-0.437908720202,116.550072037,139.565523489,262.682903108,0.443691122103,0.531307983267,6.26589738477,193.120205319,41.1666666667,58.8,42.75,4.4613046084,3.73946093603,4.55330965312,4.25135839919,2.91323964054,3.08306787353,3.450795585,19.0094,-4.60106,6.07229,-4.52863,-19.6109,-19.311,118.452787777,142.424013665,410.236167835,223.704323093
108,1.73922394242,-9.88753606061,-0.211989080808,121.697795293,163.566258,317.01987474,0.3838806491,0.515949538289,6.44751890994,228.93831872,53.4,51.8333333333,58.5,4.2435200994,3.5322235016,4.2768078665,4.01751715584,2.93738742672,3.12449089843,3.40261844583,19.0094,-4.63936,6.07229,-4.52863,-19.6109,-19.311,133.373473727,164.96095226,191.503614933,163.279346973
109,1.74274863636,-9.84047727273,-0.360247023232,123.967071376,172.472647746,351.663870339,0.352515802254,0.490447447957,6.47329125008,248.256186081,49.4,51.5,44.4,4.53312638748,3.65055155312,4.17462735067,4.11943509709,2.93785743815,3.11696771698,3.43301946554,18.925,-2.93888,6.05494,-6.38414,-19.6109,-17.6943,130.51296165,170.929596442,-75.9057332293,75.1789416209
110,1.00376786465,-9.37559222222,-0.412344907071,124.972394145,179.237920317,316.28478271,0.395126167861,0.56669789416,6.40919142565,232.966031593,46.0,47.25,33.0,5.6293245369,4.37736209492,5.01790406863,5.00819690015,2.92994252205,3.081304815,3.44482030574,19.0572,-2.93888,6.92702,-6.38414,-19.6109,-17.6943,154.291640137,185.906089511,46.6407416777,128.946157109
111,1.3842706202,-9.59779939394,-0.290061215152,151.65614561,197.789108773,300.272979611,0.505060914262,0.658697659142,6.32921933407,235.494933468,55.25,50.875,58.6,4.50793402961,3.8015606058,4.2973985989,4.20229774477,2.91169632307,3.08969911521,3.41814525963,19.0572,-3.98874,6.92702,-4.68964,-19.6109,-17.3681,166.255966347,206.358169807,124.697114726,165.77041696
112,1.74135165253,-10.0640512121,-0.988136050505,168.272781482,229.97554567,307.198911146,0.547764902078,0.748620966174,6.60114850291,257.506848531,41.4,58.1666666667,55.0,3.88362552758,3.43836147922,4.67622715298,3.99940471992,2.9376710617,3.15962587166,3.6053211139,15.6299,-2.97659,6.4434,-4.78182,-19.6109,-17.4029,161.740506724,228.94709616,197.405741187,196.031114691
113,0.979802227273,-10.2273993939,-0.884955301414,170.267359087,256.720831157,303.697219097,0.560648397088,0.845318346741,6.43206884529,265.902942667,54.0,43.6,49.4,3.53821917302,3.05324867176,4.1941485965,3.59520548043,2.93257069679,3.20031981105,3.57265462885,15.6299,-2.97659,5.68683,-4.78182,-19.6109,-17.4029,170.075567276,258.494651788,231.798687524,220.122968863
114,0.542123431313,-10.3781138384,-0.991435753939,201.262379701,306.61260043,321.168169492,0.626657305485,0.954679291274,6.52711067957,296.494561319,43.0,59.2,53.0,3.95171556035,3.4683685461,3.75719105741,3.72575838796,3.00788280615,3.2446637459,3.60639785878,17.8757,-5.20739,5.68683,-4.44723,-19.4738,-14.1533,253.480247459,316.823205314,245.786890816,272.03011453
115,1.31907819091,-10.2457441414,-1.22607367475,227.847300002,386.960856335,360.328194053,0.632332700472,1.07391223535,6.64564008689,345.194633349,43.0,46.1666666667,49.8333333333,4.18680091967,3.40662087178,4.23812407549,3.94384862231,2.91162839005,3.20537819872,3.68795109388,17.8757,-3.29442,4.68306,-4.44723,-19.4738,-14.1533,227.505183513,386.972113646,197.014232728,270.497176629
116,1.81534908788,-10.2800022222,-0.385968543434,243.632871247,419.326075329,404.941213833,0.601649975168,1.03552333278,6.35549468502,378.602973057,55.0,57.8,49.8571428571,2.79749987707,2.32814366015,3.07090155109,2.7321816961,2.94840164932,3.21512350424,3.43876591092,15.0978,-3.29442,6.7319,-4.38618,-17.331,-11.7711,229.909827885,417.43077483,67.8095601986,238.383387638
117,1.63693303434,-10.6419067677,-0.91244464596,278.489724542,467.86075642,430.615615051,0.646724630525,1.08649277933,6.88983859092,417.306023611,45.3333333333,45.0,45.1666666667,4.0244607267,4.03050763979,4.9983474365,4.35110526766,2.92560145724,3.33466508604,3.58117062473,16.3931,-2.4361,7.58902,-4.17728,-19.6109,-19.4397,233.574650273,461.087922704,294.305016717,329.655863231
118,1.55354677374,-10.1501820202,-0.903950229899,312.517993529,491.123889305,460.437316895,0.67874167028,1.06664657986,6.60221795075,450.574098231,53.5,50.6,43.0,3.9819849499,4.09325099031,4.7996130559,4.29161633204,2.91864302521,3.18012003511,3.57852882564,16.3931,-2.4361,7.58902,-4.17728,-19.6109,-19.4397,320.497195178,484.956454051,288.976380962,364.810010064
119,1.4200635596,-9.79655666667,-1.02606074354,374.978360783,493.701471386,565.328755618,0.663292565709,0.873299768462,6.45498500512,510.447672689,43.1428571429,60.6666666667,52.2,4.31420868833,3.7061140903,4.77068042874,4.26366773579,2.91229893161,3.11057919234,3.61782126654,17.7644,-2.89399,6.08187,-4.65792,-19.6109,-19.2123,432.05700124,487.373963021,620.849898974,513.426954412
120,0.890189779293,-9.17313323232,-1.24004000808,394.766845231,485.220565084,641.45785573,0.61542132769,0.756434052136,6.37273705019,539.379733547,44.5714285714,57.5,54.25,5.15266769126,4.33058387538,5.65102645553,5.04475934072,2.94388515001,3.08684050295,3.69307571458,17.7644,-2.95564,6.08187,-4.65792,-19.6109,-19.2123,370.815616116,483.89684276,862.122774488,572.278411121
121,1.39717402778,-9.91684929293,-0.73363569697,401.163728748,439.884922089,628.625518898,0.638160107549,0.699756705486,6.44547238153,520.462110983,41.3333333333,46.2,69.0,3.98082327484,3.64889974193,4.42678897696,4.01883733124,2.91185600149,3.12956365469,3.52785463846,16.4506,-3.00173,7.55012,-4.52684,-19.5852,-18.2498,307.97164197,434.747715517,1009.68831655,584.135891344
122,1.46121266061,-9.83065212121,-0.867546734343,443.576372687,380.49281514,607.796653139,0.729810489078,0.626019924879,6.4317190637,513.374676601,39.0,59.6,45.5,4.13876802035,4.00675052643,4.62507891751,4.25686582143,2.91358964708,3.11549025731,3.56731141845,16.7181,-2.37684,7.55012,-4.84646,-19.6109,-19.6109,321.34497977,377.858577368,664.526422088,454.576659742
123,1.45072184242,-9.43268161616,-1.61091762384,544.406894305,364.449397301,596.272780558,0.913016511999,0.611212534237,6.40508353872,542.241417932,50.5,52.2857142857,56.3333333333,4.99066640314,4.33995186747,5.41749439317,4.9160375546,2.91320057903,3.08188256768,3.84014888716,17.8619,-2.37684,6.25964,-4.84646,-19.6109,-19.6109,505.563219724,358.943884977,559.9188482,474.808650967
124,1.01090201616,-10.1119414141,-1.07152145515,738.525076082,385.632530075,683.370664504,1.08070936381,0.564309459134,6.3831833779,643.832380251,41.25,46.6666666667,47.8333333333,3.89180764384,3.26770423664,4.18025964868,3.77992384305,2.9291909345,3.17078575396,3.63316482955,17.8619,-4.75788,6.25964,-5.87537,-19.6109,-19.6109,528.633098086,386.569800799,790.637766165,568.613555017
125,0.429372283838,-9.69886959596,-0.73949380101,786.005429472,368.460280608,676.314753415,1.16218879672,0.544805918764,6.0504674976,650.656903907,55.1666666667,51.3333333333,45.4,3.30918336069,2.9646216554,3.5221099011,3.2653049724,3.03471788189,3.09880261463,3.5295172604,14.543,-3.99951,4.5837,-5.87537,-19.6109,-14.3634,249.174684451,373.687771428,740.448634305,454.437030061
126,-0.819591153535,-9.67831080808,-1.60470128283,835.403542105,388.596742301,602.102769764,1.38747666355,0.645399360068,6.17630848303,655.426160995,40.6666666667,47.6,56.4,3.79287080654,2.75723895237,3.42472939305,3.32494638399,3.52173846152,3.09671299542,3.83750087883,14.543,-3.99951,4.5837,-10.2939,-19.6109,-14.3634,1218.63218342,386.156439144,607.873607074,737.554076546
127,-1.30481638081,-10.0882334343,0.394946417172,837.67012923,589.773369918,559.559686276,1.49701658246,1.05399546176,6.64241572481,701.626521581,54.625,53.3333333333,48.5,3.27832645169,2.40939563854,4.93332813793,3.54035007605,3.78613813868,3.16518737792,3.32139270762,6.66246,-5.13018,11.7705,-10.2939,-18.7089,-19.6109,1045.62614779,596.249652583,478.726085845,706.867295405
128,0.995365180808,-6.52415647677,5.34825467677,603.732125395,612.791939051,530.246259748,1.13858818294,1.15567423209,6.45275588679,603.428499276,43.1428571429,40.4,58.1111111111,4.03234369241,4.80463224303,5.28186068926,4.7062788749,2.93084626537,3.95658503786,6.13684454198,19.6109,3.14059,15.6264,-7.65726,-18.7089,-19.6109,436.495500049,690.804310363,556.924466605,561.408092339
129,0.825092702525,-0.282733709091,8.58545707071,598.665877508,635.37032923,707.227608247,0.846496757942,0.898395823099,5.69206016032,665.199729098,45.4,56.75,50.2727272727,3.52159666895,3.6171138326,2.10572233343,3.08147761166,2.95352728516,9.26699348858,9.08649184973,19.6109,4.46997,15.6264,-7.65726,-10.7637,1.34434,346.015375056,-498.357080609,727.808235823,191.822176757
130,-0.786483460101,1.36843099394,9.23314070707,563.700134591,558.781625893,607.580224276,0.927778936951,0.919683695366,5.50110558719,597.825724562,58.5,48.6666666667,47.125,1.81075615226,1.21695564184,1.27937065389,1.43569414933,3.50509597372,10.867748448,9.70681096264,2.61387,4.46997,13.1537,-4.84467,-0.743998,5.91128,747.307925073,668.51252629,614.709617597,676.84335632
131,-0.359075989899,0.441228367677,9.47016111111,464.699112575,543.987937173,507.739015883,0.915232231596,1.07139282221,5.50007904687,539.925277179,66.5,52.125,58.1428571429,1.55089933378,0.440709870813,0.93650329433,0.976037499642,3.30734173982,9.95918460856,9.9353446523,2.96701,1.99796,11.9722,-4.84467,-0.743998,5.91128,498.016284377,516.131587385,513.123308612,509.090393458
132,0.348943936364,0.432283945455,9.565968,534.096047944,920.002930352,843.072914789,0.633511098002,1.09124953988,5.43811608019,812.421662978,32.25,27.0,27.4,0.381730923966,0.130222532249,0.16541043095,0.225787962388,3.05617193997,9.95052106014,10.0283121231,2.96701,0.991798,9.84795,-0.199916,0.2478,9.06744,518.136001591,886.892396064,842.67504625,749.234481302
