,macx,macy,macz,mfacx,mfacy,mfacz,mfaxz,mfayz,cou,fcou,peakx,peaky,peakz,stdx,stdy,stdz,stdav,dix,diy,diz,maxi,may,maz,mix,miy,miz,specx,specy,specz,spec
0,8.481141515151515,-4.4164916454545455,0.7255756989898992,626.7352187453309,1323.02547257325,531.4707920291522,1.1792467773298694,2.4893662876974796,6.125236078852882,989.7070560203414,43.166666666666664,49.2,55.857142857142854,4.107971400650737,3.378597535675556,3.0805876642694043,3.5223855335318994,8.6045263838426,5.709610214888606,3.3829389221408337,17.9661,2.43909,7.3897,1.5765799999999999,-12.9568,-6.0597199999999996,712.6045502433685,356.0098730841023,632.905964802353,567.1734627099413
1,5.633157878787879,-7.569491717171717,-0.6833815227272726,495.20700148485656,753.6973562614759,614.5452976332357,0.8058104152647818,1.22643092244648,5.7848136755132655,666.3481529078302,50.285714285714285,49.166666666666664,45.5,3.0158816757056495,2.664700117209561,2.578898913805538,2.753160235573583,5.848888797219797,3.9173264702235344,3.3795742495919563,14.7411,-2.4792,6.30992,1.13665,-19.6109,-6.4398,511.60016022108545,841.7921808997324,1516.2225215810874,956.5382875673018
2,3.859556535353535,-8.219101515151515,-2.729916131818182,342.62207084712753,704.4428920091782,756.087725244326,0.45315121434673594,0.9316946545872584,5.8324449169410535,651.7229203379655,52.0,36.25,52.5,2.1298039002326643,2.6262404198168,3.574547788199087,2.7768640360828503,4.222423081779205,3.6935404665353384,4.294171867084482,8.77714,-4.86442,9.252989999999999,-0.64404,-19.6109,-16.9623,347.2168679186632,771.5146757412173,780.627355702413,633.1196331207644
3,1.9605916530303027,-9.144211515151516,-2.101317282828283,305.1738172602004,522.5836120764491,691.0894724026053,0.441583658045389,0.7561735968277195,5.997475377993492,555.313000130344,46.333333333333336,53.25,51.0,2.315519832682492,2.339158269099311,3.7648845708738032,2.8065208908852024,2.867318135347289,3.504877432344747,3.922547886880965,8.77714,-4.86442,9.252989999999999,-1.92793,-16.3787,-16.9623,304.11108674712307,518.0606681999868,623.599159533794,481.9236381603013
4,-0.2564938217171717,-9.625158212121212,-0.4360102757575758,532.8205033432065,470.24824399309847,876.4619466232047,0.6079220043677135,0.5365301320894204,6.276656598729232,681.4868739961337,47.333333333333336,49.57142857142857,44.285714285714285,2.8132666810312545,4.332790110195578,5.064302936382873,4.070119909203235,2.4309770798080477,3.479618235245464,3.3377407722903203,5.71496,2.26491,13.0927,-11.3114,-19.6109,-19.6109,395.69455628715554,458.77659908828997,1023.4162613939274,625.9624722564577
5,-0.6314948989898991,-9.860436494949495,-0.33654185959595967,619.0809173054909,432.8919321060821,919.942497244433,0.6729561023214674,0.4705641204779136,6.446358220908486,703.6553609900144,36.0,45.333333333333336,43.714285714285715,2.918811982029914,4.589523407729686,5.158236290970901,4.222190560243501,2.5080131366783958,3.4833872113120505,3.326138519026765,5.71496,2.26491,13.0927,-11.3114,-19.6109,-19.6109,443.6856589605846,431.6455750571915,1074.374544782691,649.9019262668223
6,-0.8787936666666667,-9.457046695959596,-0.42908750202020207,481.13653453166825,523.316300702663,854.5515551368134,0.5630280954256043,0.6123870438909684,6.146319249292218,657.0521211918469,57.0,60.2,40.6,2.6627416959659658,4.116215947523139,4.719666497355239,3.8328747136147805,2.575872650637062,3.483397230517595,3.3368214572747035,6.00047,0.36152399999999996,8.97466,-10.6668,-19.6109,-19.6109,587.8129639062432,514.5882436890622,86.14252022357854,396.1812426062947
7,-0.9839027737373738,-8.935966291919193,-0.2862819696969698,376.3676545819261,591.890012338779,756.8321713505594,0.4972934143514299,0.7820624370163298,5.916303327959314,611.7621301319451,45.833333333333336,54.5,61.0,2.6371981139099008,4.376875540026242,4.847619042006247,3.9538975653141297,2.6083906129848815,3.531140640253106,3.321480552328199,6.00047,0.36152399999999996,8.97466,-10.6668,-19.6109,-19.6109,501.49145931461914,601.8320502833732,-457.22148542228564,215.36734139190222
8,-1.2684373292929294,-8.83516686868687,-0.10458850505050507,278.28496005040694,556.9896962618512,735.538551527527,0.37834177348349673,0.7572542528262114,5.764791719037728,573.268786479559,57.2,52.0,59.25,2.6010050723825473,4.377291604290629,4.22643348300014,3.7349100532244393,2.7055728543219377,3.547225329706522,3.3107878099571217,3.61465,-1.60112,12.0482,-10.9026,-19.6109,-19.6109,227.8815542093541,572.3779704840684,-1484.7443259642898,-228.16160042362242
9,-1.4106984165656569,-9.188285,-0.6444617303030303,272.40225917748165,542.2352319127899,735.3798984815094,0.37042385811737144,0.7373538942694176,6.383701753198384,563.6509517328636,55.42857142857143,69.16666666666667,54.0,3.1931912928633355,4.698499416716292,6.3692110625434655,4.753633924041031,2.7586584881803904,3.5005783171134874,3.37191073661249,4.55856,0.439935,16.672,-11.630999999999998,-19.6109,-19.6109,280.5002936243661,543.5240193146088,522.7053012803495,448.9098714064415
10,-0.9739198812121211,-9.865918434343435,-0.947485603030303,280.44273447366015,559.1430286390793,661.2158320240393,0.42413191108143994,0.8456286155875816,6.819765987991908,534.933809964608,45.333333333333336,40.142857142857146,49.0,3.398613429128988,4.946578611827749,6.787941043535199,5.044377694830645,2.6052295234321172,3.483617185401631,3.4440779094085423,4.89076,0.439935,16.672,-11.630999999999998,-19.6109,-19.6109,284.99454410968383,552.9134299352364,347.9673603317998,395.29177812557333
11,-0.6649104303030302,-9.80158714141414,-0.8934651343434342,232.39594524840342,519.1048502201977,565.3366625295209,0.41107531255549534,0.9182225116933592,6.826726453618684,473.06793651861886,40.2,50.0,42.75,3.3464533730363217,5.036093149965847,6.713710887138394,5.032085803380188,2.516508260824462,3.48136583258066,3.4292144810818543,4.89076,2.8503,16.3722,-11.3874,-19.6109,-19.6109,212.67931055210104,509.97241959868217,166.55908599943064,296.4036053834046
12,0.12822305959595962,-10.590815828282828,-0.7009442838383839,206.5668524215837,516.9502449486916,515.0707596917761,0.40104558166958565,1.003648984574547,6.797392738237312,447.81159202871555,56.4,47.6,56.0,2.7104488611378343,3.62630126714177,5.2541147906709895,3.863621639650198,2.392871281259535,3.583121769904555,3.383163046022045,4.26946,2.8503,16.3722,-11.3874,-19.6109,-19.6109,36.898118064367786,510.5081362770874,490.0273906478204,345.8112149964252
13,-0.6243910171717172,-9.55863695959596,0.08805896767676771,167.93332053047598,460.9862622094466,447.0622594818339,0.37563743520895404,1.0311455562000498,6.316911748961401,394.12887401019856,57.0,36.666666666666664,39.0,2.5840685725147137,4.046859352244996,5.591464591885484,4.074130838881731,2.506249102362873,3.4805085067001436,3.3106771278784723,4.26946,-0.838569,17.5441,-7.676410000000001,-19.6109,-19.6109,152.2979022108155,443.30890745046503,761.3765205469014,452.3277767360607
14,-0.44402164343434347,-9.326472515151515,0.08128790909090908,144.98679229400372,397.3367836687133,368.3470486610343,0.3936146436384932,1.078702232345986,6.22198665230178,336.5791459667019,50.166666666666664,53.2,48.0,2.6262741733121997,4.3231447949266935,5.654972590112143,4.201463852783679,2.4649812149881396,3.489689900895385,3.3104915431921347,4.092890000000001,-0.838569,17.5441,-7.676410000000001,-19.6109,-19.6109,186.8786875862966,387.54702902775557,1385.8426526857188,653.4227897665903
15,-0.3385071636363636,-9.504787373737374,-0.3062390808080808,140.12245126231107,359.36258189914554,307.7775180905087,0.4552718864316302,1.1676050418779034,6.173656001469246,298.6549252811459,42.8,52.42857142857143,40.333333333333336,2.67755106235841,4.222970849332528,5.017853389028277,3.9727917669064046,2.444416720991927,3.4818179244699463,3.3232313851797395,4.16292,1.3623,16.7193,-10.1394,-19.6109,-19.6109,198.67195445786692,375.18752993742623,385.4714382904306,319.7769742285746
16,-0.8103825272727271,-8.966859898989899,-0.22866340606060606,129.79610720677195,302.7989376710972,259.2593928201926,0.500641869885081,1.1679381579092916,5.936273334062422,254.65706349178237,48.75,42.4,52.0,2.6479737682341047,4.400034086614637,4.895694630309213,3.9812341617193177,2.5559161913567583,3.526631713179408,3.3170122270092204,4.16292,1.3623,16.7193,-10.1394,-19.6109,-19.6109,150.9257031972591,312.682270013341,556.3034537868125,339.9704756658042
17,-0.3707807828282828,-9.515584848484847,-0.5174134878787879,133.0290688404501,271.408710838701,235.6209807678922,0.564589233127315,1.1518868564003768,6.328455646028699,231.01819561927442,58.0,51.2,51.333333333333336,2.4327938413145334,4.202880344714155,5.3719945237050135,4.0025562365779015,2.4502793112713652,3.481513507005831,3.3496750289589823,3.32136,3.7846300000000004,17.9787,-5.26425,-19.6109,-19.6109,160.37136105869544,275.0427996362377,-14.960628496327072,140.15117739953536
18,-0.6928854242424243,-9.528714878787877,-0.28725457171717184,138.90520284551334,230.30895579098606,236.61620293228358,0.587048566937177,0.9733439761811131,6.818755198062921,217.72823015090623,43.833333333333336,50.22222222222222,55.8,2.8654485061654835,5.2128263332063565,7.038476738177848,5.038917192516563,2.5237873218790874,3.4811668004866925,3.3215621357213427,4.7082,3.7846300000000004,17.9787,-8.40485,-19.6109,-19.6109,105.14614573710992,241.11650489513525,513.2557493393047,286.50613332384995
19,-0.6346870488888887,-9.943879828282828,0.1998204595959596,119.37684819466655,207.59306405842943,231.73693293161963,0.5151395018673695,0.8958134615498924,6.581413182443844,203.7301804473701,42.4,50.625,50.8,2.9084008795501384,4.670757934496053,5.059759842755188,4.21297288560046,2.508812182425072,3.4876217968516583,3.3156602100920556,4.7082,2.57317,16.2333,-8.40485,-19.6109,-19.6109,72.11905227660098,213.34732275806257,-722.7818788501702,-145.7718346051689
20,-0.06350712363636365,-10.248361515151515,-0.6410174373737374,110.79954431632548,182.2616264330891,219.5370613183344,0.5046963079990548,0.8302089193441696,6.31070960862505,186.2138299659278,45.75,44.333333333333336,38.666666666666664,2.50712611027753,3.5500132315144977,3.4256458360828836,3.1609283926249705,2.406796786846591,3.518421644765002,3.3712514721979496,3.7044300000000003,-2.44448,6.2039800000000005,-5.80714,-19.6109,-19.6109,-174.0783672376467,182.41951306364288,220.0825704384926,76.1412387548296
21,-0.520654092929293,-9.002264558585857,-0.899851376767677,104.27972107207954,171.44223096542564,194.97027630547197,0.5348493270261261,0.8793249628308292,6.101420533351943,170.71201051134202,54.833333333333336,54.285714285714285,46.5,2.527661712686153,4.714127179113134,5.638365523819597,4.293384805206294,2.4816142987211918,3.5217516852760333,3.430923443626379,3.2166099999999997,1.3180100000000001,12.1015,-6.81031,-19.6109,-19.6109,111.59441349826615,170.00566194352757,281.4061386535459,187.66873803177987
22,-0.5027515737373738,-9.35868657878788,-0.601397888888889,94.35364785675804,159.73877162221393,171.91968372702308,0.5488239962480057,0.9291476587163212,6.377558665307576,154.72044460376142,55.333333333333336,45.0,47.8,2.5301252665656895,4.875874608560548,6.117105874663059,4.5077019165964325,2.4776021577443177,3.487824628929676,3.3638841575016425,4.34607,1.3180100000000001,12.1015,-6.81031,-19.6109,-19.6109,132.5434861765981,159.03989865559103,456.4680545374333,249.35047978987416
23,-0.16198880252525255,-10.473174545454544,-0.14384517878787878,84.43382392799442,142.14567774507614,166.58384189007975,0.5068548243935209,0.8532981118232996,6.5143852079031515,144.3026739867841,45.6,39.0,55.4,2.5169754439433714,3.858114063569096,4.145729472903819,3.5069396601387623,2.417815683961257,3.5577510551517637,3.312219447055073,4.57293,-2.41635,11.8699,-6.76063,-19.6109,-19.6109,165.71012529704802,140.93441894479326,764.12640552787,356.92364992323706
24,-0.8169963494949494,-9.7441696969697,-0.04644980404040405,81.10227542992,133.17742640690466,160.0281691636889,0.506799995611788,0.8322123979977596,6.389789259784676,136.62814193225063,48.166666666666664,61.333333333333336,53.625,2.813867049208057,4.38041094248281,5.580573265226504,4.258283752305791,2.5577938603891877,3.480121417392594,3.3096184701152804,4.57293,1.11271,16.7846,-10.7643,-19.6109,-19.6109,95.16437315029886,133.67613820709366,-1660.350362200383,-477.16995028099683
25,-0.3304176015151515,-9.918108585858587,-0.4134516393939395,78.80425373118821,116.53420869062643,155.46590145349737,0.5068909194519415,0.7495805035130736,6.4934678749236685,127.32154720330746,54.714285714285715,42.666666666666664,45.4,2.7836312052047547,4.365283317465829,5.68032354320436,4.276412688624981,2.442995015880283,3.4861470458149753,3.3347999497803533,4.43286,1.11271,16.7846,-10.7643,-19.6109,-19.6109,95.12274935806484,115.77054941299744,74.18188652287192,95.02506176464475
26,-0.004298913131313124,-9.702230818686868,-0.14125837777777783,78.13404396743962,107.75092707761455,155.4655585465074,0.5025810520216661,0.6930855173648056,6.517208593007752,123.95314923459915,50.25,45.2,46.142857142857146,2.9373518841158925,4.442579516424812,5.637181581347628,4.339037660629444,2.401492173581738,3.4796548493539836,3.312110008276499,7.426810000000001,3.8720199999999996,17.6518,-10.2568,-19.6109,-19.6109,-1329.619702580479,103.97493908997592,358.17805899111335,-289.1555681664632
27,-0.32116791616161616,-9.179869909595961,0.13750887262626268,80.61127866388395,103.7745829202792,146.26139191846588,0.5511452995662799,0.7095145312040299,6.225421945259842,119.62193391644797,44.166666666666664,37.6,50.0,2.9124351925360314,4.6169249036518405,5.529048155444498,4.352802750544123,2.441385651756147,3.501375477083084,3.312436622123122,7.426810000000001,3.8720199999999996,17.6518,-10.2568,-19.6109,-19.6109,59.73387131564022,102.49221793147285,196.31127774702986,119.51245566471431
28,-0.11345873838383835,-10.085418888888888,-1.3492758607070705,71.77480113542839,90.0734186089809,129.39901604199497,0.5546781059922025,0.6960904446116392,6.504973196196042,106.0365245311002,50.25,69.5,48.2,2.567330702691513,4.531160001778234,5.249679145238422,4.11605661656939,2.4120404608746333,3.4989400100959434,3.5774245784928054,4.6698900000000005,-2.44987,5.53061,-5.66947,-19.6109,-19.6109,-37.810874166178046,90.88442797770838,107.60991465986932,53.56115615713322
29,-0.07551419242424245,-10.263676373737374,-1.7537568717171717,70.33479656649928,96.63204743683146,131.13376557393033,0.5363591616443445,0.7368967634987378,6.92869301974902,108.1946368953,51.8,50.833333333333336,52.8,2.75480858623558,4.599721546973152,6.664067499463354,4.672865877557363,2.407992393238237,3.520641537488288,3.7480100087642723,4.6698900000000005,2.58993,16.7265,-9.87908,-19.6109,-19.6109,0.8858913459407318,93.46898854757164,82.36324243827329,58.906040777261886
30,-0.5130907398989899,-9.664005262626263,-0.18334985555555564,78.35977116160956,98.27165681848344,144.5110233351615,0.5422407879561639,0.6800287933091718,6.536354194762431,116.58444231157264,53.75,48.0,51.8,2.692735762667087,4.733231596363902,5.958636202626423,4.461534520552471,2.4799107687108912,3.479507582175289,3.3141966447750364,4.14975,2.58993,16.7265,-9.87908,-19.6109,-19.6109,93.77048672260047,98.23976302769883,-96.14012814329087,31.956707202336144
31,-1.2412305222222222,-9.171145555555556,-0.1558225363636364,71.22412292835689,94.06428666288247,136.1283532760034,0.5232129913740183,0.6909970215548332,6.461550598041452,109.73544712384115,48.857142857142854,46.285714285714285,44.4,2.7890322109923646,5.5030312721892995,6.54972972001881,4.947264401066825,2.6957293585866227,3.5022116829760597,3.3127706857642027,5.0433900000000005,3.54521,13.6356,-11.0014,-19.6109,-19.6109,76.64382255607194,97.48070159107262,464.23266960182957,212.78573124965806
32,-0.4094872681818182,-9.670682727272727,-0.3649157484848486,63.95154786815288,95.121360745324,117.10134195655618,0.5461213919468018,0.8122994933791057,6.306040770718556,100.04486874192493,39.714285714285715,37.8,48.25,2.540540567911703,4.501059235204064,5.242149360961886,4.094583054692551,2.4578814019518544,3.4795163042546347,3.3291006950016446,5.0433900000000005,3.54521,13.1915,-11.0014,-19.6109,-19.6109,59.419105575286345,95.46972723233911,303.16695362926225,152.68526214562925
33,-0.37063560515151517,-9.65581606060606,-0.4530109191919191,64.27012264432285,86.1398336225337,110.22652619996927,0.583073102818519,0.7814800719226305,6.106447042165064,94.26017452218562,46.857142857142854,50.25,42.0,2.3812592529202403,3.361390793395026,4.741069010432565,3.4945730189159434,2.450252042701156,3.479506393369468,3.340054677534208,5.53061,-2.9454700000000003,12.308,-8.0936,-17.5351,-19.6109,62.091318867551614,86.2334661784497,94.88988909440832,81.07155804680322
34,-0.5818453561616161,-9.606329393939394,-0.8559260606060606,61.55256064094855,86.66248644159538,111.19312490575926,0.553564446480993,0.7793870935369915,6.208280920409695,93.66412909186089,59.714285714285715,52.5,59.5,2.364692298051588,3.0297835057813427,5.322291970956763,3.572255924929898,2.4958882486552025,3.479784004214763,3.4193414064151217,5.53061,-2.9454700000000003,12.308,-8.0936,-19.6109,-19.6109,71.88625092166025,87.46628973194262,84.5608026808932,81.30444777816537
35,-0.2534166444444445,-9.646655222222222,-0.8902378181818182,55.73958771639843,84.13241557353469,110.68769175105339,0.5035753012336891,0.7600882649423757,6.372382049537666,91.38059572692606,50.8,46.8,42.4,2.9495656720136574,3.934015549244798,5.186114509993973,4.0232319104174765,2.4305156149645466,3.47951856667489,3.428356356873655,7.91343,1.52271,15.6802,-10.4944,-19.6109,-19.6109,90.92238955265613,85.108772642969,80.29292518691194,85.4413624608457
36,-0.10685069898989899,-9.810405121212122,-0.5080180777777776,59.17334690757052,73.20098733771508,106.7891792545799,0.5541136969177777,0.6854719537005495,6.343653740895161,87.30469827080468,53.0,41.0,42.25,3.123726363543818,4.181068854663392,4.608055517235989,3.9709502451477334,2.4113074804051373,3.481616147964763,3.3482051367596846,7.91343,1.52271,15.6802,-11.3294,-19.6109,-19.6109,187.38845502696645,73.88637987350981,81.16560625024356,114.1468137169066
37,0.5644935029292929,-10.71428717171717,-0.4394266121212121,60.243515437131904,72.49006412124687,102.60756284818332,0.5871254882670525,0.706478763446532,6.319734741740518,85.1257782964333,45.857142857142854,48.25,45.4,1.8800664822822404,2.427825323012071,1.8364965816812746,2.0481294623251958,2.402657010545721,3.613558379314444,3.33819928854032,4.20003,-5.42347,3.82294,-5.27383,-17.7853,-4.45681,42.08849367055128,74.17692193004791,127.98309993077363,81.41617184379095
38,-0.5281936061616161,-9.791890233333332,-0.12059201565656566,53.531279461315535,72.56352225003937,97.49469626247966,0.5490686315612101,0.7442817407695753,6.252584318833556,80.59149851120237,47.75,64.4,30.666666666666668,3.0316944635572707,4.105707157986662,4.287516706259824,3.8083061092679187,2.4833228194498935,3.481106438231908,3.3113069139583184,7.2526399999999995,0.08798689999999999,13.1053,-9.69592,-19.6109,-19.6109,64.34230385922268,76.23720256548656,62.49550710082609,67.69167117517844
39,-0.47996508080808087,-9.730934677777778,-0.14768408030303035,54.12929763052916,75.66577941041112,98.93144608477112,0.5471394563882906,0.7648304194965025,6.247952669666929,82.02142932921575,53.4,51.6,63.25,2.9854123586160366,4.348704709922765,4.447790547980648,3.9273025388398164,2.4726311195000337,3.479929225808662,3.312389153554774,7.2526399999999995,0.08798689999999999,13.1053,-9.69592,-19.6109,-19.6109,51.255923716573996,77.66674679979855,-22.019240687068613,35.63447660976797
40,-0.15328962626262624,-9.47586,0.005356722222222171,56.04924195495902,80.11274860476381,96.17147158281593,0.5828052855226766,0.8330198892275086,6.355365969798933,83.08815910488065,54.0,55.42857142857143,46.5,3.0981137277856816,4.717911378723523,5.262878763696387,4.359634623401864,2.4167344333856,3.4827400539555926,3.3093985143463085,6.20637,4.53761,15.6108,-11.9878,-19.6109,-19.6109,47.13941301312751,78.49038529087912,6252.482846180551,2126.037548161519
41,-0.29981952121212113,-9.344949898989901,-0.564402695959596,52.021787933640866,75.08181185706893,95.62423998258933,0.5440230211828369,0.7851755148144378,6.660082007527413,80.49085374154205,51.8,48.333333333333336,54.5,3.510880773969322,5.132530504578544,7.154991904208488,5.266134394252118,2.4377876254456745,3.4885967045403876,3.3573790550368643,6.5625100000000005,4.53761,15.6108,-11.9878,-19.6109,-19.6109,64.34419851291285,73.16882737968062,168.23552593623145,101.91618394294164
42,0.42619188888888887,-10.194289393939393,-1.0413570272727273,50.06161912553928,72.22813987427683,98.88273869361436,0.5062725788841056,0.730442348467652,6.539628721778517,79.38834495854601,56.833333333333336,48.5,62.166666666666664,2.753840532693317,3.9489511339113625,5.400706396532579,4.034499354379086,2.393086390810307,3.511187869446023,3.4717196089460214,6.5625100000000005,-2.17453,13.0915,-10.6973,-19.6109,-19.6109,41.566686268040485,71.91341243493535,148.89597943047428,87.45869271115004
43,-0.13310188888888883,-9.317421646464645,-0.5960839373737375,51.528497074807156,72.71376975769886,95.94749270121041,0.5370489173205576,0.7578496082658088,6.1773695381610265,78.26632611107303,44.4,51.4,47.142857142857146,2.830739253496576,4.153877761570845,5.257356997517575,4.080658004194999,2.414311531046419,3.490259579380898,3.3629287535316816,6.18602,1.21985,17.0437,-8.55568,-19.6109,-19.6109,37.51114706906898,72.3643214028385,85.683515836114,65.18632810267383
44,-0.3426549555555555,-9.305079323232324,-0.7137078344444445,54.67231514300144,71.81797371656837,93.57011932283146,0.5842924593734187,0.7675310690668802,6.287790641872733,79.53549820057388,44.666666666666664,54.75,47.857142857142854,3.1459295454049845,4.6660704015819245,5.577889538492069,4.46329649515966,2.4451497142627927,3.491072612973402,3.385842350993969,6.18602,1.21985,17.0437,-8.55568,-19.6109,-19.6109,21.261018306755204,71.3275894341421,85.97605925492502,59.521555665274114
45,-0.2057319272727272,-9.97095888888889,-1.5434917960606063,55.53784334542586,69.0660976763173,93.4500624256093,0.5943050427562488,0.7390695723857563,6.56131400123264,78.98338488350862,42.833333333333336,53.0,44.2,3.0224458837015544,5.136267150331604,5.364603096031235,4.507772043354798,2.423646206841208,3.489332793721674,3.6548377598032795,4.68426,-2.2296,5.67665,-4.594469999999999,-19.6109,-19.6109,38.36439724934695,67.84342768822084,98.04759604061537,68.08514032606105
46,-0.0009675131313131333,-9.842652707070707,-0.9924873217171717,49.63151670117637,65.12180444155148,87.1112585189198,0.5697485898495754,0.7475704696357658,6.499567990240112,72.3771013353071,49.666666666666664,45.4,47.0,2.941818175995104,4.502933828061343,5.55513002461433,4.3332940095569255,2.4012150014920928,3.482698174317103,3.457057995086705,4.68426,-0.14963800000000002,13.9175,-9.75458,-19.6109,-19.6109,4857.739996719193,63.68808546778602,96.15847069263789,1672.5288509598722
47,-0.8629527878787878,-9.55117705050505,-0.23858060454545452,47.55758646799766,64.83353118783559,85.33385625129876,0.5573120512443014,0.759763287819878,6.520308323423332,70.88705561805972,49.333333333333336,47.42857142857143,51.0,3.3695498256321903,4.249334868587787,5.992796944336182,4.537227212852053,2.5711594286673654,3.4806567598168363,3.3177302590237745,4.51965,-0.14963800000000002,14.2724,-9.82042,-19.6109,-19.6109,47.87011614013599,61.67539057844591,193.8750867056812,101.1401978080877
48,-0.703145598989899,-10.157257474747476,-0.3350071818181818,47.7086672329122,69.03116652167984,87.55504535585814,0.5448991207646048,0.7884316231133228,6.656899490392613,73.40140988462484,50.142857142857146,50.25,56.4,2.9858778934317463,4.096285173564005,5.637176448587529,4.23977983852776,2.5265017452812,3.506680750825608,3.325984494822219,4.13,-2.1709400000000003,14.2724,-9.82042,-19.6109,-19.6109,47.415921632038376,66.80634113042974,169.63237968561918,94.61821414936243
49,-0.39902188181818193,-9.42841101010101,-0.1628899797979798,41.86477453888767,64.80003149186331,81.60415978885551,0.5130225548208518,0.7940775526582028,6.224224208583748,68.60267769356663,49.142857142857146,48.5,40.5,2.6373727732445187,4.2792310172731876,5.623704230002801,4.180102673506836,2.455784115752692,3.484492039069893,3.3131218920178607,3.6044699999999996,-2.12665,14.7597,-7.10779,-19.6109,-19.6109,27.10792181126371,62.7071166487282,91.80334645853966,60.53946163951053
50,-0.3960532353535354,-9.23509,-0.3557140973737374,43.66720541086664,64.41734196294172,83.55905201027576,0.5225909624429035,0.7709199711243724,6.084481148313572,69.36315011147025,48.333333333333336,40.2,52.0,2.5604971459235695,4.197885853483485,5.512795816214232,4.090392938540429,2.4551945510487436,3.496395225008225,3.328116531302415,3.9336699999999998,-2.12665,14.7597,-7.10779,-19.6109,-19.6109,20.78350050510027,62.122589245607735,112.41371241750672,65.10660072273824
51,-0.048990275757575745,-9.75187385858586,-0.3751694397979799,41.61781859948086,63.33336502134374,80.92435633620296,0.5142805019860551,0.7826242665214802,6.197219058747353,67.10512701064867,46.0,46.142857142857146,39.2,2.4973392583187684,3.6182374372127906,4.854601914427404,3.656726203319654,2.405410489788776,3.4802527462269905,3.3302345838079317,5.08708,0.46746800000000005,17.1964,-7.29932,-19.6109,-19.6109,-126.88927219990829,62.71258513353561,105.09811307226641,13.640475335297912
52,-0.4882718888888889,-9.380765676767677,-0.4382650686868687,38.975315119613285,62.18199047962245,83.18755039071321,0.4685234140992853,0.7474915439578114,6.065325155954427,67.33909797495544,44.8,54.57142857142857,48.8,2.701286694811855,4.12986147027984,4.909106105833381,3.913418090308358,2.474427435542033,3.486668536564577,3.3380430150980014,5.08708,0.46746800000000005,17.1964,-7.29932,-19.6109,-19.6109,32.33490060708887,61.59001877786048,71.27057426847067,55.06516455114001
53,-0.47140988888888885,-9.347778686868688,-0.7284905757575758,43.66745354225089,61.997033856172074,83.83734495332716,0.5208592133560631,0.7394918564117966,5.838203206802619,68.87268845230838,48.0,61.0,61.2,2.698253795993833,4.063714827318593,2.783232018194845,3.1817335471690904,2.470789853561038,3.488434451483502,3.389007281235696,4.61782,-2.40976,4.1958400000000005,-4.92846,-16.9623,-17.2233,46.33731651082577,62.800659042563915,43.83915629815611,50.99237728384859
54,-0.12943849696969698,-9.596202979797981,-1.0275669898989899,43.246496104090916,62.1924109392628,82.87558836207943,0.521824302654107,0.7504310034885927,6.377866094677875,68.8958732095805,48.142857142857146,47.666666666666664,48.4,3.2297911002975224,4.0975123492957,5.403486094433138,4.2435965146754535,2.413880389042165,3.4798998216489725,3.4675130820763393,6.8234699999999995,0.431555,15.7832,-10.9164,-19.6109,-19.6109,5.584912570248557,63.62326256600713,129.44005955318423,66.2160782298133
55,-0.48311521717171724,-9.606549444444445,-0.20203252525252532,40.54666012675879,56.80981817738025,74.95615774371977,0.5409383477924601,0.7579072872387204,6.736289148252091,62.703225953094396,40.333333333333336,50.0,54.6,3.4304283066850068,4.659953328692778,6.761850712871817,4.9507441160832,2.4733108857679755,3.4797817602786902,3.3152708248195615,6.8234699999999995,1.17615,17.6417,-10.9164,-19.6109,-19.6109,24.214492365608447,56.7006906781588,260.6211747026112,113.84545258212614
56,-1.2363451545454545,-8.820519666666668,0.18234618484848483,38.78548235615379,58.101976057185645,73.77708260577822,0.5257117926904326,0.7875342044581619,6.661796580748855,61.89067376396436,45.285714285714285,49.714285714285715,48.833333333333336,3.282571597930903,5.35184408345553,7.344908477185986,5.3264413861908055,2.6939735235427635,3.549751792881031,3.3146413398847185,6.04177,5.3007599999999995,17.6417,-8.89207,-19.6109,-19.6109,45.78482939942887,57.802819753098795,374.87661265240274,159.48808726831012
57,-0.16296283939393943,-9.693501080808081,-0.03743046262626262,37.95256381440566,61.7502631487974,81.42286174282415,0.4661168006386172,0.7583897424759759,6.559541395097768,66.46403562981035,38.0,53.142857142857146,45.0,3.0175536418275315,4.194462752846387,5.572940162080427,4.261652185584782,2.417939289235545,3.479595454736428,3.3095257828482034,6.04177,5.3007599999999995,16.0046,-6.3159,-19.6109,-19.6109,94.80920387984686,61.485416119499355,-1174.5457148295363,-339.41703161006336
58,-0.2804238898989899,-9.858651616161616,-0.2999344414141415,37.46595427481477,61.23414764700666,78.22073956522837,0.47897724418179227,0.7828377484969115,6.4975768651945955,64.62405397040368,39.833333333333336,48.375,40.166666666666664,2.921439620748442,3.978573402049581,5.591228360392986,4.163747127730336,2.4346749922801374,3.483313869877974,3.3226677835482956,5.26724,-0.24361,17.500999999999998,-6.02022,-19.6109,-19.6109,58.494343290501355,60.560856532380825,-32.841604546728355,28.737865092051276
59,-0.34209283737373736,-9.742496262626261,-0.52567266,38.684915123790994,58.3963976860393,72.98839512319302,0.5300146010677026,0.8000778423402145,6.414125621511646,61.628472431674645,35.4,46.666666666666664,65.5,2.7056128924709193,4.086423497361112,5.609494578334027,4.133843656055352,2.4450502341371947,3.480094322662397,3.35098225753454,5.26724,-0.24361,17.500999999999998,-6.02022,-19.6109,-19.6109,41.8607256513544,58.688254414985735,38.47445164654421,46.34114390429479
60,-0.32198388979797976,-9.499274385858586,-0.29819270545454546,39.46137746127575,56.78895562836741,70.53327925239466,0.5594717540363899,0.8051370392854573,6.099795038201156,60.835598503648086,41.5,53.0,43.2,2.668615034491491,4.1221361514979415,4.748052528683673,3.8462679048910347,2.4415266695078075,3.4819851928092613,3.3225134459119308,3.82294,-0.014365200000000002,14.3449,-10.8068,-19.6109,-19.6109,17.87324472591847,56.948225635508976,8.583695789967619,27.80172205046502
61,-1.0199604483838383,-8.792453406060607,-0.32208115656565656,39.015037735222336,58.762578304161536,77.51773198036835,0.5033046857601953,0.7580533744078499,6.258627580781908,64.07949998043414,54.75,54.111111111111114,35.666666666666664,2.880372744353641,5.015159965501018,7.036244194281964,4.977258968045541,2.619984767456174,3.5547770439675532,3.324708073578532,4.30657,2.3786400000000003,17.2293,-10.8068,-19.6109,-19.6109,42.3104240106756,58.847383152548204,-56.446249500591975,14.903852554210607
62,-0.42342334141414145,-9.780057101010103,-0.5904984731313132,38.55305723891417,60.91245402047197,81.84842726722184,0.4710299088954354,0.7442104393967485,6.3733620429051925,66.03166724531877,53.25,39.333333333333336,69.4,2.4817395416496977,4.440388797236454,5.602028779744369,4.174719039543507,2.4607184811361313,3.480819759275236,3.361932362268391,4.45621,2.3786400000000003,17.2293,-8.963289999999999,-19.6109,-19.6109,56.0123557962287,61.210653824879486,43.64070186792579,53.62123716301133
63,-0.43706267575757574,-9.47733049191919,-0.22677742363636366,38.665123474888254,61.752373735358375,77.3615447872919,0.49979771708539783,0.798230876918869,6.193379225309464,64.89136931563728,57.166666666666664,56.5,43.4,2.980728248213912,4.193714952527014,5.115311424217282,4.096584874986069,2.463536799012261,3.4826907150819886,3.3168790642970993,8.81545,0.464475,15.1314,-8.985439999999999,-19.6109,-19.6109,23.734548308387595,59.61323071451396,226.8574304366122,103.40173648650459
64,-0.44900968989899,-9.12470241111111,-0.18083982626262632,38.338639955812205,56.66403073084279,71.6272148121392,0.5352524184608484,0.7910963853537903,6.176097515970662,60.821407952593574,43.8,46.5,51.5,3.404793149108664,4.301900457742898,5.20696709186169,4.30455356623775,2.4660223662584055,3.5069249244782523,3.314061235300024,8.81545,0.464475,15.1314,-8.985439999999999,-19.6109,-19.6109,32.913127611582944,54.09738012849378,209.10120741051776,98.70390505019816
65,-0.6255703838383838,-8.814343464646463,0.09077944444444454,41.1557821036352,60.391939451752265,77.89783445156782,0.5283302468340553,0.7752710954923957,6.259337514980171,65.48621625459319,50.4,48.75,44.6,3.4376705914874197,4.953109724350895,5.612631153425134,4.667803823087817,2.5065408404330474,3.550838106417713,3.310756403338999,7.120360000000001,3.47339,18.7813,-11.318,-19.6109,-19.6109,52.8364497231427,58.853594571091996,293.56795625478816,135.08600018300763
66,-0.7434122009090909,-9.071219727272727,-0.07198393030303026,42.277410850021525,62.15380932010006,83.34283954217562,0.5072710635042265,0.745760639564568,6.838125299653791,68.29424183120457,38.0,56.142857142857146,50.25,3.159441534679847,5.519394663015873,7.551505215169005,5.410113804288241,2.5372827477685393,3.5130033070058317,3.3100116173262055,7.120360000000001,5.33129,18.7813,-11.318,-19.6109,-19.6109,45.73709755223681,58.06521713964224,-427.87970509460376,-108.02579680090825
67,-0.4519055564646465,-9.70662111111111,-1.338007732828283,42.21759692268844,59.76596580258972,87.51867333374716,0.48238387665788984,0.6828938731129508,6.856396923433518,69.03522024346852,50.6,39.166666666666664,48.5,2.64360518959537,5.347618335005467,7.068108068012893,5.01977719753791,2.466632086355363,3.479686795914657,3.573174782048596,4.04321,5.33129,16.7546,-8.16722,-19.6109,-19.6109,22.811421974007388,56.54088499949419,52.82556933049792,44.05929210133317
68,-0.10258770909090903,-9.920883838383839,-0.9845676388888889,40.29308471813969,63.070966617642,80.09510857160235,0.5030654859793219,0.7874509160725921,6.425602117323397,66.7678388536469,46.4,49.333333333333336,41.333333333333336,2.40435448546475,4.420782806442405,5.426859262902662,4.083998851603273,2.4108385396043652,3.48629934705102,3.454738499625182,4.04321,1.8411400000000002,18.3156,-6.23271,-19.6109,-19.6109,-39.88100949891859,62.625172892692255,51.236851674358526,24.660338356044065
69,0.5547234454545454,-10.179021717171718,-0.3830605111111111,42.22746206456248,63.13314960130142,78.88489719908533,0.5353047739669503,0.8003198564355034,6.0758751587587945,66.61319980717735,58.666666666666664,51.2,42.25,1.9823801139482102,3.0725591654478945,2.4976027088149984,2.5175139960703676,2.4017639233202766,3.5092967246095004,3.3311313191390717,4.715380000000001,-2.4744099999999998,13.4829,-5.34925,-19.6109,-4.94462,53.07316248519303,61.38877973459433,79.0539346190451,64.50529227961083
70,-0.6288708171717172,-9.279018424242425,-0.1479384777777778,43.22716473353225,64.44836540190254,82.37676664522357,0.5247494711670463,0.7823609498958094,6.260014882569222,69.12545656183539,40.666666666666664,50.166666666666664,41.5,3.2377552335284556,4.501756203779746,5.6344252803827155,4.457978905896972,2.507358635603502,3.4929245784771235,3.3124006181778127,6.94318,0.870292,17.8464,-8.29411,-19.6109,-19.6109,37.54294454821416,63.33872460130663,-52.29237955446222,16.19642986501952
71,-0.5814280727272728,-9.891991959595961,-0.10109452929292934,45.195001906004364,68.2896567203875,82.8439680246983,0.5455436645976489,0.8243165839186781,6.6275083615635095,70.46720575910628,47.5,33.0,56.6,3.319243463466075,4.389612232828634,5.730875753272645,4.479910483189118,2.495788182989533,3.4847944539888185,3.3106835492939095,6.94318,0.870292,17.8464,-8.29411,-19.6109,-19.6109,42.213910088224054,69.79535644092239,-126.34029877854263,-4.7770107497987295
72,-0.19961949696969694,-9.807899595959595,-0.5738108545454547,48.16076340707855,65.98873141085244,85.58483233795971,0.5627254513615219,0.7710330161105456,6.381408853560122,71.58033984972134,54.0,51.5,23.75,3.0487760029122697,3.901798888946958,5.258831505488092,4.069802132449106,2.4228074738527714,3.481544137787331,3.3589986957731757,6.50385,-2.12785,13.1627,-7.8996699999999995,-19.6109,-19.6109,67.78303944306745,67.16779626844392,100.71479656445429,78.55521075865522
73,0.0557860101010101,-9.33481383838384,-0.7120332606060608,46.42410997001192,67.17612589503464,85.43994747376716,0.543353681066642,0.7862379119048487,6.111256472750638,71.5374680449481,41.666666666666664,50.375,71.25,3.0033453769651954,3.620811342859388,5.184415666234441,3.936190795353008,2.396958342220129,3.4891884911565496,3.3854874109785187,6.50385,-2.12785,13.1627,-7.8996699999999995,-19.6109,-19.6109,-70.12222617823663,67.54836708883552,78.86990674141376,25.432015884004215
74,0.9002743949494949,-10.280721818181819,-0.7268878797979798,49.26621596572965,65.4403235400049,89.57580769803381,0.549994660743774,0.7305580069186617,6.155096943967201,73.668105726261,47.0,47.125,51.5,2.160849362885652,2.518047321246183,2.081691556525797,2.253529413552544,2.4556107939688663,3.5232099917546362,3.3886594753528545,5.3678,-4.10965,4.93625,-4.31196,-16.5786,-4.51726,46.064432397067215,65.33985162224725,68.21440707950937,59.872897032941275
75,-0.15894821111111113,-9.571580684848486,-0.9887260798989901,56.020975295489855,65.98016830647852,93.18264209505281,0.6011953947210956,0.7080735942126875,6.225242267861329,78.00359191684377,44.8,52.0,51.625,2.531339230027435,4.195517895476468,5.181226525556599,3.969361217020167,2.4174338912108913,3.480269245737889,3.4559544970115477,5.23672,0.15801700000000002,13.6248,-6.43142,-19.6109,-19.6109,65.42998005452905,66.0326067090834,84.60214793941243,72.02157823434163
76,-0.15694747474747472,-9.872699472727271,-1.1200200687878787,56.588867528809146,71.46995188017485,97.30910739077986,0.5815372172879576,0.7344631329641269,6.410108223743411,80.89701571132777,63.57142857142857,52.285714285714285,44.57142857142857,2.4949687334246087,4.2328894632669645,5.349606714060423,4.025821636917332,2.4171857101233716,3.4839075047450656,3.496698716177681,4.429869999999999,0.15801700000000002,13.6248,-6.43142,-19.6109,-19.6109,84.85460445913903,74.04081487321983,87.45340549787807,82.11627494341231
77,0.3398071686868686,-10.538004040404042,-0.49975933434343434,49.76764314813533,74.96095467797961,92.78322537744884,0.5363862157806756,0.80791494769699,6.315489600189124,77.62322561692343,41.857142857142854,47.0,62.0,2.264363867282203,3.267104279460719,2.543513411695084,2.6916605194793353,2.3899752550002322,3.5713450074377833,3.3469202807934435,4.429869999999999,-2.5300700000000003,5.385759999999999,-4.0545800000000005,-18.6143,-14.6094,28.001541917515052,76.74169203489981,77.56576911460057,60.76966768900515
78,-0.2513670131313132,-9.671284757575757,-0.6092392747474749,51.8669906216766,72.8844666695335,97.84236194233858,0.5301077119565384,0.744917285546382,6.287453755488922,80.06687460928539,54.6,53.0,41.75,2.4888195817126473,4.186847301273093,5.408867297216458,4.0281780600673995,2.4302092543481852,3.479517096399771,3.3653079301199336,4.49571,0.7230489999999999,14.4149,-7.1024,-19.6109,-19.6109,57.56970335640371,74.5477071550879,151.50032360925675,94.53924470691612
79,-0.4246201181818183,-9.348848393939395,-0.8052794464646464,53.768971395968904,76.51222910000563,95.58940403383036,0.5624992847213416,0.8004258408487088,6.250742566048317,81.08312121455995,41.5,47.666666666666664,48.0,2.845407679974804,4.416965889190701,5.421547530806959,4.22797369999082,2.4609646106091505,3.4883734512741715,3.406712635112622,4.53342,0.7230489999999999,14.4149,-7.1024,-19.6109,-19.6109,39.28730560991794,77.79005148690469,145.1936150919881,87.42365739627024
80,-0.26455343838383844,-9.636034222222223,-0.2555452595959596,53.980860617520854,80.79940766129843,99.18554634934968,0.5442411984846095,0.8146288510294444,6.379422676813822,83.99455941926622,50.2,41.4,61.0,2.857147577862606,4.036477298373176,5.166472126889193,4.020032334374991,2.4322052886700214,3.479547873326937,3.319008679786333,4.53342,0.313042,16.0962,-7.63212,-19.6109,-19.6109,24.21396692466152,80.45407824769924,15.308426551832985,39.99215724139791
81,-0.08135482020202016,-9.918471494949495,0.3017719868686868,54.27522760263177,75.68518945064258,100.69898149408004,0.5389848715185123,0.7515983610528575,6.528418382390254,82.95517466749641,58.42857142857143,50.833333333333336,48.833333333333336,2.669236925302142,3.49389388790597,5.771924554936381,3.9783517893814975,2.408586850326722,3.486166862561386,3.3234177886918697,4.16531,0.313042,16.0962,-8.1361,-19.6109,-19.6109,-15.244682459838208,76.44241910893896,170.04041274431626,77.07938313113901
82,-0.11943223535353537,-9.385603909090909,-0.15996368787878798,54.28482460181485,69.74179423601552,99.05928749459551,0.548003382366106,0.7040409435593862,6.115575665828149,80.96368920934289,42.714285714285715,35.42857142857143,33.5,2.8658996007114745,4.427169553159785,4.674792374331697,3.989287176067652,2.4127140092674453,3.4864282485130085,3.3129755774219003,4.85963,3.1747099999999997,11.464,-8.1361,-19.6109,-19.6109,96.10251111442389,69.9061393775592,56.33027006403744,74.11297351867351
83,-0.08608853070707069,-9.371261383838384,-0.0014329585858586847,61.5238704760229,70.67541082297635,105.09948584090456,0.5853869786685284,0.672462003572139,6.218502492968541,85.83885432086143,46.4,42.2,51.2,2.8784043189236708,4.753035405905632,4.590809823493803,4.074083182774369,2.4090774476329413,3.487152814724465,3.309382299481875,4.85963,4.7961800000000006,13.5033,-9.6618,-19.6109,-19.6109,148.16329743147517,69.66386913721693,9419.8086450643,3212.545270544331
84,-0.39524264888888877,-10.325133505050504,-0.014552335353535454,60.819220458029314,77.49846303513358,105.61307561197891,0.5758682824603872,0.7337961003982304,6.733816622050963,88.22658119512049,60.0,55.6,47.166666666666664,2.8281536738335915,4.57496590921989,5.228858201339183,4.2106592614642215,2.455033766957236,3.530346661880235,3.3093817598315214,5.52821,2.53067,13.5033,-9.6618,-19.6109,-19.6109,58.49331385422446,75.97217335594024,3052.907139706812,1062.4575423056588
85,-0.36736492222222217,-10.257867757575758,-0.009770194949495027,57.321795861051655,85.85729616745172,110.1194063938699,0.5205421799680409,0.7796745276700947,6.69538657492812,92.43625984282862,54.714285714285715,46.5,40.4,2.725334567334405,4.362213715862661,5.374312823487142,4.153953702228069,2.4496417889484645,3.519795004234699,3.3093743065772685,5.52821,1.22823,15.6437,-7.61895,-19.6109,-19.6109,61.04180879283785,83.60615978402512,518.18062259397,220.94286372361103
86,-0.41744958080808076,-9.749165535353535,-0.24578626666666664,62.19746224571296,83.72399120819301,113.62470768771331,0.5473938152312503,0.736846702728604,6.479497391136887,93.94795918008984,40.666666666666664,50.0,54.333333333333336,2.826874512026144,4.780993056134592,5.59590161929204,4.401256395817591,2.459497797108354,3.4802057341655868,3.3182682877867324,5.85682,3.2639,15.6437,-7.61895,-19.6109,-19.6109,50.501348338562615,83.28965122426808,84.68506565814504,72.82535507365857
87,-0.33711087878787876,-9.776770484848486,-0.43973432828282843,62.35983586575601,91.61363998857772,111.81925028577523,0.5576842601464744,0.8193011467564104,6.325407618388574,95.99425229748333,50.0,36.5,57.142857142857146,2.479780212102553,4.893835156277104,4.977507020524248,4.1170407963013025,2.444170993230761,3.4807445286166767,3.338240688510749,5.85682,3.2639,10.4034,-7.5549,-19.6109,-19.6109,28.719344391884032,94.75939423994963,112.65521798163498,78.71131887115621
88,-0.30698973737373736,-9.794607595959596,-0.45113796161616165,69.615214648712,97.97724844011964,123.69339611844633,0.5628046187853866,0.7920976504380118,6.200468056481397,105.58427905466856,48.142857142857146,62.6,45.142857142857146,2.510844197337761,4.103472091515869,4.9773509126301985,3.863889067161276,2.4389745975635635,3.4811761600361346,3.33979518640914,4.75309,-0.523732,12.2781,-8.72148,-19.6109,-19.6109,91.82714112053286,99.91667706972301,160.63968144855335,117.46116654626974
89,-0.2916932303030303,-9.945049717171717,-0.5685688535353537,75.53465892936593,90.86298569768242,137.72188899075704,0.5484579066036142,0.6597570390846188,6.280321368573895,110.78653284850603,42.285714285714285,43.666666666666664,55.2,2.5353417542214425,3.9913049844266792,4.978046350840253,3.8348976964961246,2.4364680460158494,3.487692648586107,3.358093009983703,4.75309,-0.523732,12.2781,-8.72148,-19.6109,-19.6109,110.57242296214245,90.52364026285653,147.96037556043046,116.35214626180982
90,-0.4939246545454546,-9.965618595959596,-0.32274516868686864,71.11137431203025,96.16561514443421,134.11278263721857,0.5302356189595282,0.717050330724751,6.499537606320055,109.74768599561489,50.833333333333336,54.333333333333336,44.4,2.779227479973604,4.030565128251029,5.552112125802713,4.1206349113424485,2.475658965968002,3.4889848704029616,3.32477215512093,4.79978,0.348356,16.5134,-8.36534,-19.6109,-19.6109,66.02148151916295,95.9625662861474,408.69526237878773,190.2264367280327
91,-0.7726558348484849,-9.211958878787879,0.25484475050505057,67.95168654963629,93.25984382130655,132.2466669308944,0.5138253244986847,0.7051961760975007,6.403432109993552,106.82426955917924,52.57142857142857,50.6,69.0,3.071523223732422,4.457741769560308,6.252186696807144,4.593817230033292,2.5453196706305823,3.4983988874583836,3.3194752932775278,4.79978,3.0556,16.5134,-8.90284,-19.6109,-19.6109,59.55215876686037,92.1940717322131,-316.09645731972245,-54.783408940216326
92,0.18386998737373747,-10.226385939393937,0.26434237878787875,75.25836856027209,92.54320472157032,137.36231669707962,0.5478822021197908,0.6737161031263957,6.369570867665826,110.86336691948154,37.333333333333336,49.0,54.5,2.439606100884939,3.319206524229274,3.524237690528921,3.094350105214378,2.3905702605031243,3.5153611417945094,3.320220011138706,4.5831,3.0556,15.5462,-8.90284,-18.573,-5.6964,94.72601355355965,91.57059706617949,57.754257093372246,81.35028923770379
93,-0.19683293535353535,-10.107048787878787,-0.36823497777777775,80.85756922493945,108.32979778451974,144.38486466789524,0.5600141636100351,0.750284997210012,6.568379137087464,119.83622770684586,51.4,48.4,39.0,2.9288952290599206,4.170056030875237,5.687885555086772,4.262278938340643,2.422427071526881,3.5011186956023224,3.329463773144919,5.26066,1.58616,19.3248,-12.3254,-19.6109,-19.6109,39.393244844072186,107.46898648331702,136.8431940493434,94.56847512557754
94,0.10984854747474745,-9.828209292929293,-0.5394866838383839,78.02897343599464,116.19543427189852,158.2582627852446,0.4930483379681694,0.7342140133913573,6.416260022900577,127.94452206656987,46.833333333333336,56.0,50.666666666666664,2.892554519756916,4.224087793630655,5.695500726687948,4.27071434669184,2.3937800869798975,3.4821819470643094,3.353209213275171,5.26066,1.58616,19.3248,-12.3254,-19.6109,-19.6109,32.95445727380998,115.66111038512119,159.29145755258682,102.635675070506
95,-0.09983049292929297,-9.714377878787879,-0.4720746717171716,78.99765098825523,123.74005941871901,160.29575334863904,0.4928243533466381,0.7719484567353924,6.291090662313614,132.01040888013293,46.2,46.875,42.0,2.9663211241683856,4.184692189240621,5.1679664846920055,4.106326599367004,2.4105372318541676,3.4797496528391636,3.3427713041789437,4.56514,-1.80403,14.2964,-10.8834,-19.6109,-19.6109,168.19338791722618,120.73726283570818,45.10880701368132,111.34648592220522
96,-0.5221289080808081,-9.806425959595959,-0.3331023676767677,85.0833909595048,139.30195085728946,163.56971826266138,0.5201659076215887,0.8516365519050257,6.425574987029064,142.11500877197454,56.833333333333336,52.42857142857143,64.83333333333333,3.1739342345067523,4.345940990995853,5.399512687307331,4.306462637603312,2.4819478480360515,3.4815019646413985,3.3257941684904817,4.80516,-1.80403,15.035,-10.8834,-19.6109,-19.6109,98.37112786450598,141.37304051456127,20.474822763744818,86.73966371427069
97,0.4103819787878788,-10.406167272727272,-1.5263343156565654,86.39182870374187,145.63600320637812,160.74711831029543,0.537439361973363,0.9059944883444329,6.5469698711443405,144.00885424181547,47.2,41.2,46.285714285714285,2.7672406737820427,3.917096364588747,4.602614102125316,3.762317046832036,2.392351504232357,3.5447322279986526,3.64769805149088,7.6985600000000005,-3.36026,15.035,-7.22271,-19.6109,-19.6109,65.13386249112538,150.3444599529847,149.6232789645063,121.70053380287213
98,-0.16218930404040405,-9.23589890909091,-1.4179852742424246,93.35048143338685,160.66821445705872,173.7298320246388,0.5373313284511071,0.9248164957315584,6.244861545305665,155.50888730065796,52.25,59.5,46.25,2.9953288456904317,4.770679070896337,5.756324511151373,4.507444142579381,2.4178410764228797,3.4963271063479366,3.6039170335767055,7.6985600000000005,2.60848,14.3365,-8.312669999999999,-19.6109,-19.6109,59.29687346066868,163.94013295764967,182.13602741688493,135.12434461173441
99,-0.14593765555555555,-9.55778113131313,-0.3309628727272728,107.85384477011185,175.34278335546387,204.13092121072788,0.5283562339816831,0.8589721846914827,6.21663857300441,176.91053501022353,53.8,48.4,53.0,2.663886920879402,4.368356880276699,4.5487526909049585,3.860332164020353,2.4158391297854527,3.4805248350029077,3.3255809343317884,6.39012,2.60848,14.3365,-8.312669999999999,-19.6109,-19.6109,-71.15467659928689,180.3517947396585,376.97129656592256,162.05613823543138
100,0.26840465050505047,-10.36959888888889,-0.023820990909090827,113.13221998700966,186.49136792839977,233.97541246888102,0.4835218316029526,0.7970554083463933,6.394725885078241,195.02617836522458,55.57142857142857,61.4,45.285714285714285,2.2000584162597723,3.365639676685034,3.669569383089753,3.0784224920115197,2.3891976180511367,3.53806626923337,3.3094219377797556,6.29376,-2.73178,7.03177,-6.9084699999999994,-19.6109,-19.6109,120.00191934561225,189.34500642786375,1960.3774334417503,756.5747864050754
101,-0.10590702323232325,-9.646191717171718,-0.21807191414141425,123.30749495231068,213.42032205640638,238.86682770822068,0.5162185814387446,0.8934699058217594,6.299147557777782,208.87763429146023,50.57142857142857,47.5,40.0,2.766030684200078,4.09013086659545,4.9100307039519855,3.922064084915838,2.4112034898200094,3.4795194814874897,3.3162860623511277,4.71957,2.0171099999999997,14.5645,-8.39467,-19.6109,-19.6109,136.2277275995613,220.71176668836864,255.5574177801794,204.16563735603646
102,-0.7372023535353533,-8.996520505050505,0.17411732121212117,141.14405717801515,248.96037821606163,236.16260926605176,0.5976562404042871,1.0541904960729511,6.13281836297585,224.5573619110039,55.5,33.75,57.833333333333336,3.1740961782682096,4.495920738699631,5.241120892958589,4.30371260330881,2.5356094333756305,3.5225226435688297,3.3141963749704444,4.71957,2.0171099999999997,17.3885,-10.5303,-19.6109,-19.6109,173.75881998138033,249.80515339747026,653.0290961607026,358.8643565131844
103,-0.4266937727272729,-9.551181616161616,0.31746114343434345,136.278446672479,287.2128172579974,249.42285909001586,0.5463751284452102,1.1515096022307374,6.073864368684124,244.3645703484828,55.2,49.0,34.5,2.8140227753624076,3.670087150594795,3.8832217738864996,3.455777233281234,2.4613919897269727,3.4806566651996116,3.324829686536102,4.16651,-0.63985,17.3885,-10.5303,-17.6477,-19.6109,202.65333002116515,281.244150865953,251.87900533692454,245.25882874134754
104,-0.09243049595959597,-9.08118618181818,-0.49882791414141414,130.78697481166193,330.6456754266167,274.36045770277747,0.4766976112619961,1.205150618989033,6.099821485300365,272.6142275094846,46.5,43.4,49.666666666666664,2.7097396065123025,4.215625709255585,5.291182017287452,4.07218244435178,2.4097430895924052,3.511819369984301,3.3467767041523624,5.02184,2.38403,17.3717,-6.1938,-19.6109,-19.6109,62.756608323521895,321.7008693913276,397.22365459744015,260.5603774374299
105,-0.17866374343434338,-8.954918606060605,-0.48954710606060614,134.5283573232577,361.44970962048063,314.8353902057447,0.4272974433888881,1.1480593378789896,6.067737245628484,301.5882156417087,47.0,52.0,51.333333333333336,2.8161450606501477,4.350828078067856,5.301048212922506,4.156007117213503,2.4199837652502985,3.528361461491477,3.3453599826910376,5.02184,2.38403,17.3717,-6.1938,-19.6109,-19.6109,106.57978291602039,364.12962469704024,387.86853001112473,286.19264587472844
106,-0.2190687585858586,-9.958549292929293,-0.48967423737373755,145.60734999621081,393.67113833715774,388.2319269738106,0.37505248764878946,1.0140102113850984,6.438447161797503,341.61124480063677,45.8,48.6,53.4,2.9525494671410044,4.408276031870068,5.190918530721423,4.183914676577499,2.425508426059377,3.4885308020616534,3.345379175656882,5.21697,-1.94888,13.4853,-11.1827,-19.6109,-19.6109,109.98226583888736,389.09975630856104,708.5320662174564,402.53802945496824
107,-0.49577498080808086,-9.714691010101008,-0.5436820343434344,184.07814176893953,511.64799628916955,480.5857465773668,0.3830287166856411,1.064634146836484,6.570150279787487,428.7636680213282,55.2,43.6,52.0,3.090879124680688,4.825241690300406,6.575155400922144,4.830425405301079,2.4760637248379513,3.479752536943365,3.3539007421314957,6.703760000000001,-1.94888,13.4853,-11.1827,-19.6109,-19.6109,158.10137848387697,485.5787314470471,897.7169544803556,513.7990214704265
108,0.04325866969696971,-9.923061414141415,-1.0695534393939394,220.68975906722025,549.2524477946171,545.8711064484962,0.40428913796711946,1.0061943951716372,6.56581606959717,475.6171697241674,46.25,58.4,39.666666666666664,2.9577824980294376,4.641418176319682,5.877391346827258,4.492197340392126,2.3978352832784093,3.486419066316039,3.480479500100329,7.25024,2.07577,12.4014,-6.96294,-19.6109,-19.6109,-1099.7773873402869,514.5248595946763,389.2787668842073,-65.32458695380109
109,0.2398735708080808,-10.505413636363636,-0.47475271818181825,247.4791836409279,518.6952511478188,597.8872488961539,0.41392283260403195,0.8675469364925529,6.730367558534505,487.2760673714409,48.0,42.714285714285715,51.6,2.901597058434746,4.184617646747625,4.929424777902708,4.005213161028359,2.389407074964913,3.5644090342187518,3.3431615665776024,7.25024,2.2840700000000003,18.2396,-9.64983,-19.6109,-19.6109,78.43356898410762,501.4403704568604,-36.42727153170849,181.14888930308652
110,-0.10853732111111107,-9.706563262626263,0.06576259090909092,279.96031753967463,540.6286079120625,673.8899695660907,0.4154392114189466,0.8022505636345448,6.507933049270776,533.966236492419,52.833333333333336,48.8,41.833333333333336,3.1085168763822617,4.225287875038938,5.650068901614936,4.327957884345378,2.4114933417244147,3.4796863582451993,3.3101150594929716,5.58208,2.83174,18.2396,-9.64983,-19.6109,-19.6109,325.4296014843331,540.2890879469936,-823.4246032661036,14.09802872174104
111,-0.7532608888888889,-8.660896393939394,-0.08388580404040416,279.3500704852584,548.4778898175023,751.5147968045242,0.37171599504503156,0.7298297946356556,6.485490848041302,576.1296920856277,47.666666666666664,60.0,41.166666666666664,3.410780301214878,5.201599669474342,7.2734551889552295,5.295278386548149,2.53996286573209,3.5806443597171556,3.3102487003183,8.02656,3.4542300000000004,19.5427,-7.8051,-19.6109,-19.6109,306.4783904218991,569.4291013602611,2043.1960157694741,973.0345025172114
112,0.3084045131313131,-9.670873838383839,-0.15372939090909105,305.287182137904,598.9350486751316,754.1572158626459,0.4048057563020198,0.7941779725465297,6.419640909025279,600.2876843790423,46.166666666666664,58.0,52.0,2.8432995367067933,4.123039771885901,5.5227513874739005,4.163030232022198,2.389419105018175,3.4795165557166223,3.3126694044364537,8.02656,3.4542300000000004,19.5427,-7.67162,-19.6109,-19.6109,379.8253886712829,610.732298984953,827.2531858144927,605.9369578235761
113,0.46917852323232334,-9.88719888888889,-0.2343720515151515,416.17368113637883,594.1469748906555,803.8956878098976,0.517696123324391,0.7390846647148048,6.05410238850452,641.001741023916,43.8,53.333333333333336,43.833333333333336,2.56025441880454,3.3296861844827252,2.6024512042392693,2.830797269175511,2.3954689751583937,3.4845645404322014,3.31741938887824,4.80277,-1.57359,6.09085,-4.97395,-16.4404,-12.5295,276.82321848064646,582.702209202245,366.30530229263405,408.61024332517513
114,0.06449812121212123,-9.86683292929293,-0.7019124272727273,508.01708195762006,474.90250181436573,850.4528170374342,0.5973489319810893,0.5584113454626396,6.56205370616837,646.5102896679601,53.8,47.714285714285715,56.666666666666664,2.9801486521169966,4.417714121410941,5.373246348919981,4.257036374149306,2.3963772473453955,3.483655690452137,3.3833639994783202,4.80277,2.61567,15.2576,-5.1451400000000005,-19.6109,-19.6109,1805.2942481754376,460.18700781957796,492.2306360346024,919.237297343206
115,-0.4765002080808081,-8.868814646464644,0.01949710404040405,607.3210993591251,414.08728140487466,868.3184433534287,0.6994220887600441,0.4768841253741861,6.195482786317719,676.9962578346166,43.4,44.142857142857146,56.714285714285715,3.034360574883691,4.482175268961886,5.83938083466503,4.451972226170202,2.4718838123562263,3.54156117131338,3.3094614123946875,4.31794,2.61567,17.8386,-8.109160000000001,-19.6109,-19.6109,541.1973122599079,403.7542589154122,9100.346921258046,3348.4328308111217
116,-0.5215729449494949,-9.423764474747475,-0.040750195959596044,479.25023658618915,480.8350862523507,822.0409379608994,0.583000449801181,0.5849283947403867,6.275921961216738,648.7395279076023,55.833333333333336,46.0,34.714285714285715,3.051472109398794,4.317876751105951,5.409259735791432,4.259536198765392,2.4818220248010703,3.48468434070134,3.309557162956523,5.30914,1.5538399999999999,17.8386,-9.85513,-19.6109,-19.6109,815.6148955947705,496.4067146230414,-656.1454261656921,218.62539468403995
117,-0.08607623181818184,-9.762197202020202,-0.8813931111111112,317.7507573683297,674.5859540153622,815.0033182079846,0.3898766425479035,0.8277094570591813,6.660376760128583,658.1419775060953,51.666666666666664,50.333333333333336,44.666666666666664,3.122800286714661,5.130860238228664,6.327062262491577,4.860240929144967,2.409076165150119,3.480443580969149,3.4260108069534,5.36181,5.44801,18.0732,-9.85513,-19.6109,-19.6109,931.5524382856441,655.8383485473715,759.8708866629169,782.4205578319775
118,1.249960461111111,-8.018772424242423,-0.7427891948484847,375.1487951809038,706.2298815394166,707.7051670651047,0.530091926185403,0.9979153952883993,6.401067240648196,643.2355729776572,46.4,49.714285714285715,58.333333333333336,4.117501900108595,6.377172616121527,5.302516008336637,5.2657301748555865,2.554964229320906,3.7566591865313494,3.392152252346341,10.8074,5.44801,18.0732,-7.736260000000001,-19.6109,-19.6109,491.9512032415941,708.9857364912453,723.9737958257871,641.6369118528755
119,2.0563650186868685,-2.628609464646465,4.279569623333333,496.49581815280845,597.5892843849091,468.4030355256184,1.0599756630433996,1.2758014766371537,6.051134573774242,557.4255418025255,42.4,54.0,56.42857142857143,3.978094799129316,6.831807062818418,4.926190070324426,5.245363977424053,2.9189048677363107,7.089334592066971,5.407943587917214,10.8074,3.78404,11.1899,-4.0629599999999995,-18.5449,-4.282030000000001,603.0145141432153,659.6883529714711,356.0055060029263,539.5694577058708
120,0.7020996544303797,2.1481600379746832,8.98931189873418,650.2113277086797,782.1470322346299,537.9492599203669,1.208685235118515,1.453942017413337,5.5535084034848925,691.0334640766595,35.75,36.6,38.5,2.792411324372293,0.6007912950908348,1.2023379539606864,1.5318468578079383,2.418905769631371,11.538206305225781,9.596643197053657,9.88805,3.16813,11.1899,-2.67552,0.49978999999999996,4.52803,791.5966190043888,776.8243409605939,541.5623837712931,703.3277812454253
